
Copyright (C) 1994-2023 Synopsys, Inc.
This Synopsys software and all associated documentation are proprietary to Synopsys, Inc.
and may only be used pursuant to the terms and conditions of a written license agreement
with Synopsys, Inc. All other use, reproduction, modification, or distribution of the
Synopsys software or the associated documentation is strictly prohibited.
Tool: Synplify Pro (R)
Build: V-2023.09M-5
Install: C:\Microchip\Libero_SoC_2025.1\Libero_SoC\Synplify_Pro
OS: Windows 10 or later
Hostname: DESKTOP-693NB92

Implementation : synthesis
Synopsys HDL compiler and linker, Version comp202309synp1, Build 540R, Built Apr 29 2025 09:15:16, @

Modified Files: 5
FID:  path (prevtimestamp, timestamp)
92       D:\PION101\icicle-kit-reference-design\MPFS_ICICLE_ES\component\syn_comps.v (2025-10-29 15:15:46, 2025-10-29 16:06:30)
202      D:\PION101\icicle-kit-reference-design\MPFS_ICICLE_ES\component\work\CoreGPIO_C10\CoreGPIO_C10.v (N/A, 2025-10-29 15:39:20)
203      D:\PION101\icicle-kit-reference-design\MPFS_ICICLE_ES\component\work\CoreGPIO_C10\CoreGPIO_C10_0\rtl\vlog\core\coregpio.v (N/A, 2025-10-29 15:39:20)
167      D:\PION101\icicle-kit-reference-design\MPFS_ICICLE_ES\component\work\FIC_3_PERIPHERALS\FIC_3_PERIPHERALS.v (2025-10-29 15:13:01, 2025-10-29 15:43:12)
178      D:\PION101\icicle-kit-reference-design\MPFS_ICICLE_ES\component\work\MPFS_ICICLE_KIT_BASE_DESIGN\MPFS_ICICLE_KIT_BASE_DESIGN.v (2025-10-29 15:15:08, 2025-10-29 16:05:09)

*******************************************************************
Modules that may have changed as a result of file changes: 160
MID:  lib.cell.view
3        work.APBM.verilog may have changed because the following files changed:
                        D:\PION101\icicle-kit-reference-design\MPFS_ICICLE_ES\component\syn_comps.v (2025-10-29 15:15:46, 2025-10-29 16:06:30) <-- (module definition)
                        D:\PION101\icicle-kit-reference-design\MPFS_ICICLE_ES\component\work\CoreGPIO_C10\CoreGPIO_C10_0\rtl\vlog\core\coregpio.v (N/A, 2025-10-29 15:39:20) <-- (may instantiate this module)
4        work.APBS.verilog may have changed because the following files changed:
                        D:\PION101\icicle-kit-reference-design\MPFS_ICICLE_ES\component\syn_comps.v (2025-10-29 15:15:46, 2025-10-29 16:06:30) <-- (module definition)
                        D:\PION101\icicle-kit-reference-design\MPFS_ICICLE_ES\component\work\CoreGPIO_C10\CoreGPIO_C10_0\rtl\vlog\core\coregpio.v (N/A, 2025-10-29 15:39:20) <-- (may instantiate this module)
7        work.AXI_ADDRESS_SHIM.verilog may have changed because the following files changed:
                        D:\PION101\icicle-kit-reference-design\MPFS_ICICLE_ES\component\work\CoreGPIO_C10\CoreGPIO_C10_0\rtl\vlog\core\coregpio.v (N/A, 2025-10-29 15:39:20) <-- (may instantiate this module)
8        work.BANKCTRLM.verilog may have changed because the following files changed:
                        D:\PION101\icicle-kit-reference-design\MPFS_ICICLE_ES\component\syn_comps.v (2025-10-29 15:15:46, 2025-10-29 16:06:30) <-- (module definition)
                        D:\PION101\icicle-kit-reference-design\MPFS_ICICLE_ES\component\work\CoreGPIO_C10\CoreGPIO_C10_0\rtl\vlog\core\coregpio.v (N/A, 2025-10-29 15:39:20) <-- (may instantiate this module)
9        work.BANKCTRL_GPIO.verilog may have changed because the following files changed:
                        D:\PION101\icicle-kit-reference-design\MPFS_ICICLE_ES\component\syn_comps.v (2025-10-29 15:15:46, 2025-10-29 16:06:30) <-- (module definition)
                        D:\PION101\icicle-kit-reference-design\MPFS_ICICLE_ES\component\work\CoreGPIO_C10\CoreGPIO_C10_0\rtl\vlog\core\coregpio.v (N/A, 2025-10-29 15:39:20) <-- (may instantiate this module)
10       work.BANKCTRL_HSIO.verilog may have changed because the following files changed:
                        D:\PION101\icicle-kit-reference-design\MPFS_ICICLE_ES\component\syn_comps.v (2025-10-29 15:15:46, 2025-10-29 16:06:30) <-- (module definition)
                        D:\PION101\icicle-kit-reference-design\MPFS_ICICLE_ES\component\work\CoreGPIO_C10\CoreGPIO_C10_0\rtl\vlog\core\coregpio.v (N/A, 2025-10-29 15:39:20) <-- (may instantiate this module)
11       work.BANKEN.verilog may have changed because the following files changed:
                        D:\PION101\icicle-kit-reference-design\MPFS_ICICLE_ES\component\syn_comps.v (2025-10-29 15:15:46, 2025-10-29 16:06:30) <-- (module definition)
                        D:\PION101\icicle-kit-reference-design\MPFS_ICICLE_ES\component\work\CoreGPIO_C10\CoreGPIO_C10_0\rtl\vlog\core\coregpio.v (N/A, 2025-10-29 15:39:20) <-- (may instantiate this module)
12       work.CLKBUF_DIFF.verilog may have changed because the following files changed:
                        D:\PION101\icicle-kit-reference-design\MPFS_ICICLE_ES\component\syn_comps.v (2025-10-29 15:15:46, 2025-10-29 16:06:30) <-- (module definition)
                        D:\PION101\icicle-kit-reference-design\MPFS_ICICLE_ES\component\work\CoreGPIO_C10\CoreGPIO_C10_0\rtl\vlog\core\coregpio.v (N/A, 2025-10-29 15:39:20) <-- (may instantiate this module)
13       work.CLKBUF_DIFF_ODT.verilog may have changed because the following files changed:
                        D:\PION101\icicle-kit-reference-design\MPFS_ICICLE_ES\component\syn_comps.v (2025-10-29 15:15:46, 2025-10-29 16:06:30) <-- (module definition)
                        D:\PION101\icicle-kit-reference-design\MPFS_ICICLE_ES\component\work\CoreGPIO_C10\CoreGPIO_C10_0\rtl\vlog\core\coregpio.v (N/A, 2025-10-29 15:39:20) <-- (may instantiate this module)
17       work.COREAXI4INTERCONNECT.verilog may have changed because the following files changed:
                        D:\PION101\icicle-kit-reference-design\MPFS_ICICLE_ES\component\work\CoreGPIO_C10\CoreGPIO_C10_0\rtl\vlog\core\coregpio.v (N/A, 2025-10-29 15:39:20) <-- (may instantiate this module)
20       work.COREI2C_COREI2CREAL.verilog may have changed because the following files changed:
                        D:\PION101\icicle-kit-reference-design\MPFS_ICICLE_ES\component\work\CoreGPIO_C10\CoreGPIO_C10.v (N/A, 2025-10-29 15:39:20) <-- (module definition)
21       work.CORELNKTMR_V.verilog may have changed because the following files changed:
                        D:\PION101\icicle-kit-reference-design\MPFS_ICICLE_ES\component\syn_comps.v (2025-10-29 15:15:46, 2025-10-29 16:06:30) <-- (module definition)
                        D:\PION101\icicle-kit-reference-design\MPFS_ICICLE_ES\component\work\CoreGPIO_C10\CoreGPIO_C10_0\rtl\vlog\core\coregpio.v (N/A, 2025-10-29 15:39:20) <-- (may instantiate this module)
25       work.CRN_COMMON.verilog may have changed because the following files changed:
                        D:\PION101\icicle-kit-reference-design\MPFS_ICICLE_ES\component\syn_comps.v (2025-10-29 15:15:46, 2025-10-29 16:06:30) <-- (module definition)
                        D:\PION101\icicle-kit-reference-design\MPFS_ICICLE_ES\component\work\CoreGPIO_C10\CoreGPIO_C10_0\rtl\vlog\core\coregpio.v (N/A, 2025-10-29 15:39:20) <-- (may instantiate this module)
26       work.CRN_INT.verilog may have changed because the following files changed:
                        D:\PION101\icicle-kit-reference-design\MPFS_ICICLE_ES\component\syn_comps.v (2025-10-29 15:15:46, 2025-10-29 16:06:30) <-- (module definition)
                        D:\PION101\icicle-kit-reference-design\MPFS_ICICLE_ES\component\work\CoreGPIO_C10\CoreGPIO_C10_0\rtl\vlog\core\coregpio.v (N/A, 2025-10-29 15:39:20) <-- (may instantiate this module)
27       work.CRYPTO.verilog may have changed because the following files changed:
                        D:\PION101\icicle-kit-reference-design\MPFS_ICICLE_ES\component\syn_comps.v (2025-10-29 15:15:46, 2025-10-29 16:06:30) <-- (module definition)
                        D:\PION101\icicle-kit-reference-design\MPFS_ICICLE_ES\component\work\CoreGPIO_C10\CoreGPIO_C10_0\rtl\vlog\core\coregpio.v (N/A, 2025-10-29 15:39:20) <-- (may instantiate this module)
28       work.CRYPTO_SOC.verilog may have changed because the following files changed:
                        D:\PION101\icicle-kit-reference-design\MPFS_ICICLE_ES\component\syn_comps.v (2025-10-29 15:15:46, 2025-10-29 16:06:30) <-- (module definition)
                        D:\PION101\icicle-kit-reference-design\MPFS_ICICLE_ES\component\work\CoreGPIO_C10\CoreGPIO_C10_0\rtl\vlog\core\coregpio.v (N/A, 2025-10-29 15:39:20) <-- (may instantiate this module)
38       work.DEBUG.verilog may have changed because the following files changed:
                        D:\PION101\icicle-kit-reference-design\MPFS_ICICLE_ES\component\syn_comps.v (2025-10-29 15:15:46, 2025-10-29 16:06:30) <-- (module definition)
                        D:\PION101\icicle-kit-reference-design\MPFS_ICICLE_ES\component\work\CoreGPIO_C10\CoreGPIO_C10_0\rtl\vlog\core\coregpio.v (N/A, 2025-10-29 15:39:20) <-- (may instantiate this module)
39       work.DLL.verilog may have changed because the following files changed:
                        D:\PION101\icicle-kit-reference-design\MPFS_ICICLE_ES\component\syn_comps.v (2025-10-29 15:15:46, 2025-10-29 16:06:30) <-- (module definition)
                        D:\PION101\icicle-kit-reference-design\MPFS_ICICLE_ES\component\work\CoreGPIO_C10\CoreGPIO_C10_0\rtl\vlog\core\coregpio.v (N/A, 2025-10-29 15:39:20) <-- (may instantiate this module)
86       work.DRI.verilog may have changed because the following files changed:
                        D:\PION101\icicle-kit-reference-design\MPFS_ICICLE_ES\component\syn_comps.v (2025-10-29 15:15:46, 2025-10-29 16:06:30) <-- (module definition)
                        D:\PION101\icicle-kit-reference-design\MPFS_ICICLE_ES\component\work\CoreGPIO_C10\CoreGPIO_C10_0\rtl\vlog\core\coregpio.v (N/A, 2025-10-29 15:39:20) <-- (may instantiate this module)
87       work.ENFORCE.verilog may have changed because the following files changed:
                        D:\PION101\icicle-kit-reference-design\MPFS_ICICLE_ES\component\syn_comps.v (2025-10-29 15:15:46, 2025-10-29 16:06:30) <-- (module definition)
                        D:\PION101\icicle-kit-reference-design\MPFS_ICICLE_ES\component\work\CoreGPIO_C10\CoreGPIO_C10_0\rtl\vlog\core\coregpio.v (N/A, 2025-10-29 15:39:20) <-- (may instantiate this module)
90       work.FIC_1_INITIATOR.verilog may have changed because the following files changed:
                        D:\PION101\icicle-kit-reference-design\MPFS_ICICLE_ES\component\work\CoreGPIO_C10\CoreGPIO_C10_0\rtl\vlog\core\coregpio.v (N/A, 2025-10-29 15:39:20) <-- (may instantiate this module)
91       work.FIC_1_PERIPHERALS.verilog may have changed because the following files changed:
                        D:\PION101\icicle-kit-reference-design\MPFS_ICICLE_ES\component\work\CoreGPIO_C10\CoreGPIO_C10_0\rtl\vlog\core\coregpio.v (N/A, 2025-10-29 15:39:20) <-- (module definition)
97       work.G5_APBLINK_MASTER.verilog may have changed because the following files changed:
                        D:\PION101\icicle-kit-reference-design\MPFS_ICICLE_ES\component\work\CoreGPIO_C10\CoreGPIO_C10_0\rtl\vlog\core\coregpio.v (N/A, 2025-10-29 15:39:20) <-- (may instantiate this module)
98       work.GLITCHDETECT.verilog may have changed because the following files changed:
                        D:\PION101\icicle-kit-reference-design\MPFS_ICICLE_ES\component\syn_comps.v (2025-10-29 15:15:46, 2025-10-29 16:06:30) <-- (module definition)
                        D:\PION101\icicle-kit-reference-design\MPFS_ICICLE_ES\component\work\CoreGPIO_C10\CoreGPIO_C10_0\rtl\vlog\core\coregpio.v (N/A, 2025-10-29 15:39:20) <-- (may instantiate this module)
103      work.GPSS_COMMON.verilog may have changed because the following files changed:
                        D:\PION101\icicle-kit-reference-design\MPFS_ICICLE_ES\component\syn_comps.v (2025-10-29 15:15:46, 2025-10-29 16:06:30) <-- (module definition)
                        D:\PION101\icicle-kit-reference-design\MPFS_ICICLE_ES\component\work\CoreGPIO_C10\CoreGPIO_C10_0\rtl\vlog\core\coregpio.v (N/A, 2025-10-29 15:39:20) <-- (may instantiate this module)
104      work.HS_IO_CLK.verilog may have changed because the following files changed:
                        D:\PION101\icicle-kit-reference-design\MPFS_ICICLE_ES\component\syn_comps.v (2025-10-29 15:15:46, 2025-10-29 16:06:30) <-- (module definition)
                        D:\PION101\icicle-kit-reference-design\MPFS_ICICLE_ES\component\work\CoreGPIO_C10\CoreGPIO_C10_0\rtl\vlog\core\coregpio.v (N/A, 2025-10-29 15:39:20) <-- (may instantiate this module)
105      work.ICB_BANKCLK.verilog may have changed because the following files changed:
                        D:\PION101\icicle-kit-reference-design\MPFS_ICICLE_ES\component\syn_comps.v (2025-10-29 15:15:46, 2025-10-29 16:06:30) <-- (module definition)
                        D:\PION101\icicle-kit-reference-design\MPFS_ICICLE_ES\component\work\CoreGPIO_C10\CoreGPIO_C10_0\rtl\vlog\core\coregpio.v (N/A, 2025-10-29 15:39:20) <-- (may instantiate this module)
106      work.ICB_CLKDIV.verilog may have changed because the following files changed:
                        D:\PION101\icicle-kit-reference-design\MPFS_ICICLE_ES\component\syn_comps.v (2025-10-29 15:15:46, 2025-10-29 16:06:30) <-- (module definition)
                        D:\PION101\icicle-kit-reference-design\MPFS_ICICLE_ES\component\work\CoreGPIO_C10\CoreGPIO_C10_0\rtl\vlog\core\coregpio.v (N/A, 2025-10-29 15:39:20) <-- (may instantiate this module)
107      work.ICB_CLKDIVDELAY.verilog may have changed because the following files changed:
                        D:\PION101\icicle-kit-reference-design\MPFS_ICICLE_ES\component\syn_comps.v (2025-10-29 15:15:46, 2025-10-29 16:06:30) <-- (module definition)
                        D:\PION101\icicle-kit-reference-design\MPFS_ICICLE_ES\component\work\CoreGPIO_C10\CoreGPIO_C10_0\rtl\vlog\core\coregpio.v (N/A, 2025-10-29 15:39:20) <-- (may instantiate this module)
108      work.ICB_CLKINT.verilog may have changed because the following files changed:
                        D:\PION101\icicle-kit-reference-design\MPFS_ICICLE_ES\component\syn_comps.v (2025-10-29 15:15:46, 2025-10-29 16:06:30) <-- (module definition)
                        D:\PION101\icicle-kit-reference-design\MPFS_ICICLE_ES\component\work\CoreGPIO_C10\CoreGPIO_C10_0\rtl\vlog\core\coregpio.v (N/A, 2025-10-29 15:39:20) <-- (may instantiate this module)
109      work.ICB_CLKSTOP.verilog may have changed because the following files changed:
                        D:\PION101\icicle-kit-reference-design\MPFS_ICICLE_ES\component\syn_comps.v (2025-10-29 15:15:46, 2025-10-29 16:06:30) <-- (module definition)
                        D:\PION101\icicle-kit-reference-design\MPFS_ICICLE_ES\component\work\CoreGPIO_C10\CoreGPIO_C10_0\rtl\vlog\core\coregpio.v (N/A, 2025-10-29 15:39:20) <-- (may instantiate this module)
110      work.ICB_CLKSTOP_EN.verilog may have changed because the following files changed:
                        D:\PION101\icicle-kit-reference-design\MPFS_ICICLE_ES\component\syn_comps.v (2025-10-29 15:15:46, 2025-10-29 16:06:30) <-- (module definition)
                        D:\PION101\icicle-kit-reference-design\MPFS_ICICLE_ES\component\work\CoreGPIO_C10\CoreGPIO_C10_0\rtl\vlog\core\coregpio.v (N/A, 2025-10-29 15:39:20) <-- (may instantiate this module)
111      work.ICB_INT.verilog may have changed because the following files changed:
                        D:\PION101\icicle-kit-reference-design\MPFS_ICICLE_ES\component\syn_comps.v (2025-10-29 15:15:46, 2025-10-29 16:06:30) <-- (module definition)
                        D:\PION101\icicle-kit-reference-design\MPFS_ICICLE_ES\component\work\CoreGPIO_C10\CoreGPIO_C10_0\rtl\vlog\core\coregpio.v (N/A, 2025-10-29 15:39:20) <-- (may instantiate this module)
112      work.ICB_MUXING.verilog may have changed because the following files changed:
                        D:\PION101\icicle-kit-reference-design\MPFS_ICICLE_ES\component\syn_comps.v (2025-10-29 15:15:46, 2025-10-29 16:06:30) <-- (module definition)
                        D:\PION101\icicle-kit-reference-design\MPFS_ICICLE_ES\component\work\CoreGPIO_C10\CoreGPIO_C10_0\rtl\vlog\core\coregpio.v (N/A, 2025-10-29 15:39:20) <-- (may instantiate this module)
113      work.ICB_NGMUX.verilog may have changed because the following files changed:
                        D:\PION101\icicle-kit-reference-design\MPFS_ICICLE_ES\component\syn_comps.v (2025-10-29 15:15:46, 2025-10-29 16:06:30) <-- (module definition)
                        D:\PION101\icicle-kit-reference-design\MPFS_ICICLE_ES\component\work\CoreGPIO_C10\CoreGPIO_C10_0\rtl\vlog\core\coregpio.v (N/A, 2025-10-29 15:39:20) <-- (may instantiate this module)
115      work.INIT.verilog may have changed because the following files changed:
                        D:\PION101\icicle-kit-reference-design\MPFS_ICICLE_ES\component\syn_comps.v (2025-10-29 15:15:46, 2025-10-29 16:06:30) <-- (module definition)
                        D:\PION101\icicle-kit-reference-design\MPFS_ICICLE_ES\component\work\CoreGPIO_C10\CoreGPIO_C10_0\rtl\vlog\core\coregpio.v (N/A, 2025-10-29 15:39:20) <-- (may instantiate this module)
118      work.IOD.verilog may have changed because the following files changed:
                        D:\PION101\icicle-kit-reference-design\MPFS_ICICLE_ES\component\syn_comps.v (2025-10-29 15:15:46, 2025-10-29 16:06:30) <-- (module definition)
                        D:\PION101\icicle-kit-reference-design\MPFS_ICICLE_ES\component\work\CoreGPIO_C10\CoreGPIO_C10_0\rtl\vlog\core\coregpio.v (N/A, 2025-10-29 15:39:20) <-- (may instantiate this module)
119      work.LANECTRL.verilog may have changed because the following files changed:
                        D:\PION101\icicle-kit-reference-design\MPFS_ICICLE_ES\component\syn_comps.v (2025-10-29 15:15:46, 2025-10-29 16:06:30) <-- (module definition)
                        D:\PION101\icicle-kit-reference-design\MPFS_ICICLE_ES\component\work\CoreGPIO_C10\CoreGPIO_C10_0\rtl\vlog\core\coregpio.v (N/A, 2025-10-29 15:39:20) <-- (may instantiate this module)
120      work.LANERST.verilog may have changed because the following files changed:
                        D:\PION101\icicle-kit-reference-design\MPFS_ICICLE_ES\component\syn_comps.v (2025-10-29 15:15:46, 2025-10-29 16:06:30) <-- (module definition)
                        D:\PION101\icicle-kit-reference-design\MPFS_ICICLE_ES\component\work\CoreGPIO_C10\CoreGPIO_C10_0\rtl\vlog\core\coregpio.v (N/A, 2025-10-29 15:39:20) <-- (may instantiate this module)
121      work.MCHP_BLIC.verilog may have changed because the following files changed:
                        D:\PION101\icicle-kit-reference-design\MPFS_ICICLE_ES\component\syn_comps.v (2025-10-29 15:15:46, 2025-10-29 16:06:30) <-- (module definition)
                        D:\PION101\icicle-kit-reference-design\MPFS_ICICLE_ES\component\work\CoreGPIO_C10\CoreGPIO_C10_0\rtl\vlog\core\coregpio.v (N/A, 2025-10-29 15:39:20) <-- (may instantiate this module)
135      work.OSC_RC160MHZ.verilog may have changed because the following files changed:
                        D:\PION101\icicle-kit-reference-design\MPFS_ICICLE_ES\component\syn_comps.v (2025-10-29 15:15:46, 2025-10-29 16:06:30) <-- (module definition)
                        D:\PION101\icicle-kit-reference-design\MPFS_ICICLE_ES\component\work\CoreGPIO_C10\CoreGPIO_C10_0\rtl\vlog\core\coregpio.v (N/A, 2025-10-29 15:39:20) <-- (may instantiate this module)
136      work.OSC_RC200MHZ.verilog may have changed because the following files changed:
                        D:\PION101\icicle-kit-reference-design\MPFS_ICICLE_ES\component\syn_comps.v (2025-10-29 15:15:46, 2025-10-29 16:06:30) <-- (module definition)
                        D:\PION101\icicle-kit-reference-design\MPFS_ICICLE_ES\component\work\CoreGPIO_C10\CoreGPIO_C10_0\rtl\vlog\core\coregpio.v (N/A, 2025-10-29 15:39:20) <-- (may instantiate this module)
137      work.OSC_RC2MHZ.verilog may have changed because the following files changed:
                        D:\PION101\icicle-kit-reference-design\MPFS_ICICLE_ES\component\syn_comps.v (2025-10-29 15:15:46, 2025-10-29 16:06:30) <-- (module definition)
                        D:\PION101\icicle-kit-reference-design\MPFS_ICICLE_ES\component\work\CoreGPIO_C10\CoreGPIO_C10_0\rtl\vlog\core\coregpio.v (N/A, 2025-10-29 15:39:20) <-- (may instantiate this module)
138      work.PCIE.verilog may have changed because the following files changed:
                        D:\PION101\icicle-kit-reference-design\MPFS_ICICLE_ES\component\syn_comps.v (2025-10-29 15:15:46, 2025-10-29 16:06:30) <-- (module definition)
                        D:\PION101\icicle-kit-reference-design\MPFS_ICICLE_ES\component\work\CoreGPIO_C10\CoreGPIO_C10_0\rtl\vlog\core\coregpio.v (N/A, 2025-10-29 15:39:20) <-- (may instantiate this module)
139      work.PCIE_COMMON.verilog may have changed because the following files changed:
                        D:\PION101\icicle-kit-reference-design\MPFS_ICICLE_ES\component\syn_comps.v (2025-10-29 15:15:46, 2025-10-29 16:06:30) <-- (module definition)
                        D:\PION101\icicle-kit-reference-design\MPFS_ICICLE_ES\component\work\CoreGPIO_C10\CoreGPIO_C10_0\rtl\vlog\core\coregpio.v (N/A, 2025-10-29 15:39:20) <-- (may instantiate this module)
140      work.PCIE_INITIATOR.verilog may have changed because the following files changed:
                        D:\PION101\icicle-kit-reference-design\MPFS_ICICLE_ES\component\work\CoreGPIO_C10\CoreGPIO_C10_0\rtl\vlog\core\coregpio.v (N/A, 2025-10-29 15:39:20) <-- (may instantiate this module)
143      work.PFSOC_SCSM.verilog may have changed because the following files changed:
                        D:\PION101\icicle-kit-reference-design\MPFS_ICICLE_ES\component\syn_comps.v (2025-10-29 15:15:46, 2025-10-29 16:06:30) <-- (module definition)
                        D:\PION101\icicle-kit-reference-design\MPFS_ICICLE_ES\component\work\CoreGPIO_C10\CoreGPIO_C10_0\rtl\vlog\core\coregpio.v (N/A, 2025-10-29 15:39:20) <-- (may instantiate this module)
146      work.PF_PCIE_C0.verilog may have changed because the following files changed:
                        D:\PION101\icicle-kit-reference-design\MPFS_ICICLE_ES\component\work\CoreGPIO_C10\CoreGPIO_C10_0\rtl\vlog\core\coregpio.v (N/A, 2025-10-29 15:39:20) <-- (may instantiate this module)
147      work.PF_PCIE_C0_PF_PCIE_C0_0_PF_PCIE.verilog may have changed because the following files changed:
                        D:\PION101\icicle-kit-reference-design\MPFS_ICICLE_ES\component\work\CoreGPIO_C10\CoreGPIO_C10_0\rtl\vlog\core\coregpio.v (N/A, 2025-10-29 15:39:20) <-- (may instantiate this module)
148      work.PF_SPI.verilog may have changed because the following files changed:
                        D:\PION101\icicle-kit-reference-design\MPFS_ICICLE_ES\component\syn_comps.v (2025-10-29 15:15:46, 2025-10-29 16:06:30) <-- (module definition)
                        D:\PION101\icicle-kit-reference-design\MPFS_ICICLE_ES\component\work\CoreGPIO_C10\CoreGPIO_C10_0\rtl\vlog\core\coregpio.v (N/A, 2025-10-29 15:39:20) <-- (may instantiate this module)
149      work.PLL.verilog may have changed because the following files changed:
                        D:\PION101\icicle-kit-reference-design\MPFS_ICICLE_ES\component\syn_comps.v (2025-10-29 15:15:46, 2025-10-29 16:06:30) <-- (module definition)
                        D:\PION101\icicle-kit-reference-design\MPFS_ICICLE_ES\component\work\CoreGPIO_C10\CoreGPIO_C10_0\rtl\vlog\core\coregpio.v (N/A, 2025-10-29 15:39:20) <-- (may instantiate this module)
150      work.QUADRST.verilog may have changed because the following files changed:
                        D:\PION101\icicle-kit-reference-design\MPFS_ICICLE_ES\component\syn_comps.v (2025-10-29 15:15:46, 2025-10-29 16:06:30) <-- (module definition)
                        D:\PION101\icicle-kit-reference-design\MPFS_ICICLE_ES\component\work\CoreGPIO_C10\CoreGPIO_C10_0\rtl\vlog\core\coregpio.v (N/A, 2025-10-29 15:39:20) <-- (may instantiate this module)
151      work.QUADRST_PCIE.verilog may have changed because the following files changed:
                        D:\PION101\icicle-kit-reference-design\MPFS_ICICLE_ES\component\syn_comps.v (2025-10-29 15:15:46, 2025-10-29 16:06:30) <-- (module definition)
                        D:\PION101\icicle-kit-reference-design\MPFS_ICICLE_ES\component\work\CoreGPIO_C10\CoreGPIO_C10_0\rtl\vlog\core\coregpio.v (N/A, 2025-10-29 15:39:20) <-- (may instantiate this module)
152      work.SCB.verilog may have changed because the following files changed:
                        D:\PION101\icicle-kit-reference-design\MPFS_ICICLE_ES\component\syn_comps.v (2025-10-29 15:15:46, 2025-10-29 16:06:30) <-- (module definition)
                        D:\PION101\icicle-kit-reference-design\MPFS_ICICLE_ES\component\work\CoreGPIO_C10\CoreGPIO_C10_0\rtl\vlog\core\coregpio.v (N/A, 2025-10-29 15:39:20) <-- (may instantiate this module)
153      work.SYSCTRL_RESET_STATUS.verilog may have changed because the following files changed:
                        D:\PION101\icicle-kit-reference-design\MPFS_ICICLE_ES\component\syn_comps.v (2025-10-29 15:15:46, 2025-10-29 16:06:30) <-- (module definition)
                        D:\PION101\icicle-kit-reference-design\MPFS_ICICLE_ES\component\work\CoreGPIO_C10\CoreGPIO_C10_0\rtl\vlog\core\coregpio.v (N/A, 2025-10-29 15:39:20) <-- (may instantiate this module)
154      work.SYSRESET.verilog may have changed because the following files changed:
                        D:\PION101\icicle-kit-reference-design\MPFS_ICICLE_ES\component\syn_comps.v (2025-10-29 15:15:46, 2025-10-29 16:06:30) <-- (module definition)
                        D:\PION101\icicle-kit-reference-design\MPFS_ICICLE_ES\component\work\CoreGPIO_C10\CoreGPIO_C10_0\rtl\vlog\core\coregpio.v (N/A, 2025-10-29 15:39:20) <-- (may instantiate this module)
155      work.SYS_SERVICES.verilog may have changed because the following files changed:
                        D:\PION101\icicle-kit-reference-design\MPFS_ICICLE_ES\component\syn_comps.v (2025-10-29 15:15:46, 2025-10-29 16:06:30) <-- (module definition)
                        D:\PION101\icicle-kit-reference-design\MPFS_ICICLE_ES\component\work\CoreGPIO_C10\CoreGPIO_C10_0\rtl\vlog\core\coregpio.v (N/A, 2025-10-29 15:39:20) <-- (may instantiate this module)
156      work.TAMPER.verilog may have changed because the following files changed:
                        D:\PION101\icicle-kit-reference-design\MPFS_ICICLE_ES\component\syn_comps.v (2025-10-29 15:15:46, 2025-10-29 16:06:30) <-- (module definition)
                        D:\PION101\icicle-kit-reference-design\MPFS_ICICLE_ES\component\work\CoreGPIO_C10\CoreGPIO_C10_0\rtl\vlog\core\coregpio.v (N/A, 2025-10-29 15:39:20) <-- (may instantiate this module)
159      work.TVS.verilog may have changed because the following files changed:
                        D:\PION101\icicle-kit-reference-design\MPFS_ICICLE_ES\component\syn_comps.v (2025-10-29 15:15:46, 2025-10-29 16:06:30) <-- (module definition)
                        D:\PION101\icicle-kit-reference-design\MPFS_ICICLE_ES\component\work\CoreGPIO_C10\CoreGPIO_C10_0\rtl\vlog\core\coregpio.v (N/A, 2025-10-29 15:39:20) <-- (may instantiate this module)
160      work.TX_PLL.verilog may have changed because the following files changed:
                        D:\PION101\icicle-kit-reference-design\MPFS_ICICLE_ES\component\syn_comps.v (2025-10-29 15:15:46, 2025-10-29 16:06:30) <-- (module definition)
                        D:\PION101\icicle-kit-reference-design\MPFS_ICICLE_ES\component\work\CoreGPIO_C10\CoreGPIO_C10_0\rtl\vlog\core\coregpio.v (N/A, 2025-10-29 15:39:20) <-- (may instantiate this module)
161      work.UPROM.verilog may have changed because the following files changed:
                        D:\PION101\icicle-kit-reference-design\MPFS_ICICLE_ES\component\syn_comps.v (2025-10-29 15:15:46, 2025-10-29 16:06:30) <-- (module definition)
                        D:\PION101\icicle-kit-reference-design\MPFS_ICICLE_ES\component\work\CoreGPIO_C10\CoreGPIO_C10_0\rtl\vlog\core\coregpio.v (N/A, 2025-10-29 15:39:20) <-- (may instantiate this module)
162      work.USPI.verilog may have changed because the following files changed:
                        D:\PION101\icicle-kit-reference-design\MPFS_ICICLE_ES\component\syn_comps.v (2025-10-29 15:15:46, 2025-10-29 16:06:30) <-- (module definition)
                        D:\PION101\icicle-kit-reference-design\MPFS_ICICLE_ES\component\work\CoreGPIO_C10\CoreGPIO_C10_0\rtl\vlog\core\coregpio.v (N/A, 2025-10-29 15:39:20) <-- (may instantiate this module)
163      work.VOLTAGEDETECT.verilog may have changed because the following files changed:
                        D:\PION101\icicle-kit-reference-design\MPFS_ICICLE_ES\component\syn_comps.v (2025-10-29 15:15:46, 2025-10-29 16:06:30) <-- (module definition)
                        D:\PION101\icicle-kit-reference-design\MPFS_ICICLE_ES\component\work\CoreGPIO_C10\CoreGPIO_C10_0\rtl\vlog\core\coregpio.v (N/A, 2025-10-29 15:39:20) <-- (may instantiate this module)
164      work.VREFBANKDYN.verilog may have changed because the following files changed:
                        D:\PION101\icicle-kit-reference-design\MPFS_ICICLE_ES\component\syn_comps.v (2025-10-29 15:15:46, 2025-10-29 16:06:30) <-- (module definition)
                        D:\PION101\icicle-kit-reference-design\MPFS_ICICLE_ES\component\work\CoreGPIO_C10\CoreGPIO_C10_0\rtl\vlog\core\coregpio.v (N/A, 2025-10-29 15:39:20) <-- (may instantiate this module)
165      work.VREFCTRL.verilog may have changed because the following files changed:
                        D:\PION101\icicle-kit-reference-design\MPFS_ICICLE_ES\component\syn_comps.v (2025-10-29 15:15:46, 2025-10-29 16:06:30) <-- (module definition)
                        D:\PION101\icicle-kit-reference-design\MPFS_ICICLE_ES\component\work\CoreGPIO_C10\CoreGPIO_C10_0\rtl\vlog\core\coregpio.v (N/A, 2025-10-29 15:39:20) <-- (may instantiate this module)
166      work.XCVR.verilog may have changed because the following files changed:
                        D:\PION101\icicle-kit-reference-design\MPFS_ICICLE_ES\component\syn_comps.v (2025-10-29 15:15:46, 2025-10-29 16:06:30) <-- (module definition)
                        D:\PION101\icicle-kit-reference-design\MPFS_ICICLE_ES\component\work\CoreGPIO_C10\CoreGPIO_C10_0\rtl\vlog\core\coregpio.v (N/A, 2025-10-29 15:39:20) <-- (may instantiate this module)
167      work.XCVR_64B6XB.verilog may have changed because the following files changed:
                        D:\PION101\icicle-kit-reference-design\MPFS_ICICLE_ES\component\syn_comps.v (2025-10-29 15:15:46, 2025-10-29 16:06:30) <-- (module definition)
                        D:\PION101\icicle-kit-reference-design\MPFS_ICICLE_ES\component\work\CoreGPIO_C10\CoreGPIO_C10_0\rtl\vlog\core\coregpio.v (N/A, 2025-10-29 15:39:20) <-- (may instantiate this module)
168      work.XCVR_8B10B.verilog may have changed because the following files changed:
                        D:\PION101\icicle-kit-reference-design\MPFS_ICICLE_ES\component\syn_comps.v (2025-10-29 15:15:46, 2025-10-29 16:06:30) <-- (module definition)
                        D:\PION101\icicle-kit-reference-design\MPFS_ICICLE_ES\component\work\CoreGPIO_C10\CoreGPIO_C10_0\rtl\vlog\core\coregpio.v (N/A, 2025-10-29 15:39:20) <-- (may instantiate this module)
169      work.XCVR_APB_LINK.verilog may have changed because the following files changed:
                        D:\PION101\icicle-kit-reference-design\MPFS_ICICLE_ES\component\syn_comps.v (2025-10-29 15:15:46, 2025-10-29 16:06:30) <-- (module definition)
                        D:\PION101\icicle-kit-reference-design\MPFS_ICICLE_ES\component\work\CoreGPIO_C10\CoreGPIO_C10_0\rtl\vlog\core\coregpio.v (N/A, 2025-10-29 15:39:20) <-- (may instantiate this module)
170      work.XCVR_APB_LINK_V.verilog may have changed because the following files changed:
                        D:\PION101\icicle-kit-reference-design\MPFS_ICICLE_ES\component\syn_comps.v (2025-10-29 15:15:46, 2025-10-29 16:06:30) <-- (module definition)
                        D:\PION101\icicle-kit-reference-design\MPFS_ICICLE_ES\component\work\CoreGPIO_C10\CoreGPIO_C10_0\rtl\vlog\core\coregpio.v (N/A, 2025-10-29 15:39:20) <-- (may instantiate this module)
171      work.XCVR_APB_LINK_V2.verilog may have changed because the following files changed:
                        D:\PION101\icicle-kit-reference-design\MPFS_ICICLE_ES\component\syn_comps.v (2025-10-29 15:15:46, 2025-10-29 16:06:30) <-- (module definition)
                        D:\PION101\icicle-kit-reference-design\MPFS_ICICLE_ES\component\work\CoreGPIO_C10\CoreGPIO_C10_0\rtl\vlog\core\coregpio.v (N/A, 2025-10-29 15:39:20) <-- (may instantiate this module)
172      work.XCVR_DUAL_PCS.verilog may have changed because the following files changed:
                        D:\PION101\icicle-kit-reference-design\MPFS_ICICLE_ES\component\syn_comps.v (2025-10-29 15:15:46, 2025-10-29 16:06:30) <-- (module definition)
                        D:\PION101\icicle-kit-reference-design\MPFS_ICICLE_ES\component\work\CoreGPIO_C10\CoreGPIO_C10_0\rtl\vlog\core\coregpio.v (N/A, 2025-10-29 15:39:20) <-- (may instantiate this module)
173      work.XCVR_PIPE.verilog may have changed because the following files changed:
                        D:\PION101\icicle-kit-reference-design\MPFS_ICICLE_ES\component\syn_comps.v (2025-10-29 15:15:46, 2025-10-29 16:06:30) <-- (module definition)
                        D:\PION101\icicle-kit-reference-design\MPFS_ICICLE_ES\component\work\CoreGPIO_C10\CoreGPIO_C10_0\rtl\vlog\core\coregpio.v (N/A, 2025-10-29 15:39:20) <-- (may instantiate this module)
174      work.XCVR_PIPE_AXI0.verilog may have changed because the following files changed:
                        D:\PION101\icicle-kit-reference-design\MPFS_ICICLE_ES\component\syn_comps.v (2025-10-29 15:15:46, 2025-10-29 16:06:30) <-- (module definition)
                        D:\PION101\icicle-kit-reference-design\MPFS_ICICLE_ES\component\work\CoreGPIO_C10\CoreGPIO_C10_0\rtl\vlog\core\coregpio.v (N/A, 2025-10-29 15:39:20) <-- (may instantiate this module)
175      work.XCVR_PIPE_AXI1.verilog may have changed because the following files changed:
                        D:\PION101\icicle-kit-reference-design\MPFS_ICICLE_ES\component\syn_comps.v (2025-10-29 15:15:46, 2025-10-29 16:06:30) <-- (module definition)
                        D:\PION101\icicle-kit-reference-design\MPFS_ICICLE_ES\component\work\CoreGPIO_C10\CoreGPIO_C10_0\rtl\vlog\core\coregpio.v (N/A, 2025-10-29 15:39:20) <-- (may instantiate this module)
176      work.XCVR_PMA.verilog may have changed because the following files changed:
                        D:\PION101\icicle-kit-reference-design\MPFS_ICICLE_ES\component\syn_comps.v (2025-10-29 15:15:46, 2025-10-29 16:06:30) <-- (module definition)
                        D:\PION101\icicle-kit-reference-design\MPFS_ICICLE_ES\component\work\CoreGPIO_C10\CoreGPIO_C10_0\rtl\vlog\core\coregpio.v (N/A, 2025-10-29 15:39:20) <-- (may instantiate this module)
177      work.XCVR_REF_CLK.verilog may have changed because the following files changed:
                        D:\PION101\icicle-kit-reference-design\MPFS_ICICLE_ES\component\syn_comps.v (2025-10-29 15:15:46, 2025-10-29 16:06:30) <-- (module definition)
                        D:\PION101\icicle-kit-reference-design\MPFS_ICICLE_ES\component\work\CoreGPIO_C10\CoreGPIO_C10_0\rtl\vlog\core\coregpio.v (N/A, 2025-10-29 15:39:20) <-- (may instantiate this module)
178      work.XCVR_REF_CLK_N.verilog may have changed because the following files changed:
                        D:\PION101\icicle-kit-reference-design\MPFS_ICICLE_ES\component\syn_comps.v (2025-10-29 15:15:46, 2025-10-29 16:06:30) <-- (module definition)
                        D:\PION101\icicle-kit-reference-design\MPFS_ICICLE_ES\component\work\CoreGPIO_C10\CoreGPIO_C10_0\rtl\vlog\core\coregpio.v (N/A, 2025-10-29 15:39:20) <-- (may instantiate this module)
179      work.XCVR_REF_CLK_P.verilog may have changed because the following files changed:
                        D:\PION101\icicle-kit-reference-design\MPFS_ICICLE_ES\component\syn_comps.v (2025-10-29 15:15:46, 2025-10-29 16:06:30) <-- (module definition)
                        D:\PION101\icicle-kit-reference-design\MPFS_ICICLE_ES\component\work\CoreGPIO_C10\CoreGPIO_C10_0\rtl\vlog\core\coregpio.v (N/A, 2025-10-29 15:39:20) <-- (may instantiate this module)
180      work.XCVR_TEST.verilog may have changed because the following files changed:
                        D:\PION101\icicle-kit-reference-design\MPFS_ICICLE_ES\component\syn_comps.v (2025-10-29 15:15:46, 2025-10-29 16:06:30) <-- (module definition)
                        D:\PION101\icicle-kit-reference-design\MPFS_ICICLE_ES\component\work\CoreGPIO_C10\CoreGPIO_C10_0\rtl\vlog\core\coregpio.v (N/A, 2025-10-29 15:39:20) <-- (may instantiate this module)
181      work.XCVR_VV.verilog may have changed because the following files changed:
                        D:\PION101\icicle-kit-reference-design\MPFS_ICICLE_ES\component\syn_comps.v (2025-10-29 15:15:46, 2025-10-29 16:06:30) <-- (module definition)
                        D:\PION101\icicle-kit-reference-design\MPFS_ICICLE_ES\component\work\CoreGPIO_C10\CoreGPIO_C10_0\rtl\vlog\core\coregpio.v (N/A, 2025-10-29 15:39:20) <-- (may instantiate this module)
182      work.caxi4interconnect_AHBL_Ctrl.verilog may have changed because the following files changed:
                        D:\PION101\icicle-kit-reference-design\MPFS_ICICLE_ES\component\work\CoreGPIO_C10\CoreGPIO_C10_0\rtl\vlog\core\coregpio.v (N/A, 2025-10-29 15:39:20) <-- (may instantiate this module)
183      work.caxi4interconnect_AHB_SM.verilog may have changed because the following files changed:
                        D:\PION101\icicle-kit-reference-design\MPFS_ICICLE_ES\component\work\CoreGPIO_C10\CoreGPIO_C10_0\rtl\vlog\core\coregpio.v (N/A, 2025-10-29 15:39:20) <-- (may instantiate this module)
184      work.caxi4interconnect_AXI4_Read_Ctrl.verilog may have changed because the following files changed:
                        D:\PION101\icicle-kit-reference-design\MPFS_ICICLE_ES\component\work\CoreGPIO_C10\CoreGPIO_C10_0\rtl\vlog\core\coregpio.v (N/A, 2025-10-29 15:39:20) <-- (may instantiate this module)
185      work.caxi4interconnect_AXI4_Write_Ctrl.verilog may have changed because the following files changed:
                        D:\PION101\icicle-kit-reference-design\MPFS_ICICLE_ES\component\work\CoreGPIO_C10\CoreGPIO_C10_0\rtl\vlog\core\coregpio.v (N/A, 2025-10-29 15:39:20) <-- (may instantiate this module)
186      work.caxi4interconnect_AddressController.verilog may have changed because the following files changed:
                        D:\PION101\icicle-kit-reference-design\MPFS_ICICLE_ES\component\work\CoreGPIO_C10\CoreGPIO_C10_0\rtl\vlog\core\coregpio.v (N/A, 2025-10-29 15:39:20) <-- (may instantiate this module)
187      work.caxi4interconnect_Axi4CrossBar.verilog may have changed because the following files changed:
                        D:\PION101\icicle-kit-reference-design\MPFS_ICICLE_ES\component\work\CoreGPIO_C10\CoreGPIO_C10_0\rtl\vlog\core\coregpio.v (N/A, 2025-10-29 15:39:20) <-- (may instantiate this module)
188      work.caxi4interconnect_Bin2Gray.verilog may have changed because the following files changed:
                        D:\PION101\icicle-kit-reference-design\MPFS_ICICLE_ES\component\work\CoreGPIO_C10\CoreGPIO_C10_0\rtl\vlog\core\coregpio.v (N/A, 2025-10-29 15:39:20) <-- (may instantiate this module)
189      work.caxi4interconnect_BitScan0.verilog may have changed because the following files changed:
                        D:\PION101\icicle-kit-reference-design\MPFS_ICICLE_ES\component\work\CoreGPIO_C10\CoreGPIO_C10_0\rtl\vlog\core\coregpio.v (N/A, 2025-10-29 15:39:20) <-- (may instantiate this module)
190      work.caxi4interconnect_CDC_FIFO.verilog may have changed because the following files changed:
                        D:\PION101\icicle-kit-reference-design\MPFS_ICICLE_ES\component\work\CoreGPIO_C10\CoreGPIO_C10_0\rtl\vlog\core\coregpio.v (N/A, 2025-10-29 15:39:20) <-- (may instantiate this module)
191      work.caxi4interconnect_CDC_grayCodeCounter.verilog may have changed because the following files changed:
                        D:\PION101\icicle-kit-reference-design\MPFS_ICICLE_ES\component\work\CoreGPIO_C10\CoreGPIO_C10_0\rtl\vlog\core\coregpio.v (N/A, 2025-10-29 15:39:20) <-- (may instantiate this module)
192      work.caxi4interconnect_CDC_rdCtrl.verilog may have changed because the following files changed:
                        D:\PION101\icicle-kit-reference-design\MPFS_ICICLE_ES\component\work\CoreGPIO_C10\CoreGPIO_C10_0\rtl\vlog\core\coregpio.v (N/A, 2025-10-29 15:39:20) <-- (may instantiate this module)
193      work.caxi4interconnect_CDC_wrCtrl.verilog may have changed because the following files changed:
                        D:\PION101\icicle-kit-reference-design\MPFS_ICICLE_ES\component\work\CoreGPIO_C10\CoreGPIO_C10_0\rtl\vlog\core\coregpio.v (N/A, 2025-10-29 15:39:20) <-- (may instantiate this module)
194      work.caxi4interconnect_DERR_Slave.verilog may have changed because the following files changed:
                        D:\PION101\icicle-kit-reference-design\MPFS_ICICLE_ES\component\work\CoreGPIO_C10\CoreGPIO_C10_0\rtl\vlog\core\coregpio.v (N/A, 2025-10-29 15:39:20) <-- (may instantiate this module)
195      work.caxi4interconnect_DWC_DownConv_CmdFifoWriteCtrl.verilog may have changed because the following files changed:
                        D:\PION101\icicle-kit-reference-design\MPFS_ICICLE_ES\component\work\CoreGPIO_C10\CoreGPIO_C10_0\rtl\vlog\core\coregpio.v (N/A, 2025-10-29 15:39:20) <-- (may instantiate this module)
196      work.caxi4interconnect_DWC_DownConv_Hold_Reg_Rd.verilog may have changed because the following files changed:
                        D:\PION101\icicle-kit-reference-design\MPFS_ICICLE_ES\component\work\CoreGPIO_C10\CoreGPIO_C10_0\rtl\vlog\core\coregpio.v (N/A, 2025-10-29 15:39:20) <-- (may instantiate this module)
197      work.caxi4interconnect_DWC_DownConv_Hold_Reg_Wr.verilog may have changed because the following files changed:
                        D:\PION101\icicle-kit-reference-design\MPFS_ICICLE_ES\component\work\CoreGPIO_C10\CoreGPIO_C10_0\rtl\vlog\core\coregpio.v (N/A, 2025-10-29 15:39:20) <-- (may instantiate this module)
198      work.caxi4interconnect_DWC_DownConv_preCalcCmdFifoWrCtrl.verilog may have changed because the following files changed:
                        D:\PION101\icicle-kit-reference-design\MPFS_ICICLE_ES\component\work\CoreGPIO_C10\CoreGPIO_C10_0\rtl\vlog\core\coregpio.v (N/A, 2025-10-29 15:39:20) <-- (may instantiate this module)
199      work.caxi4interconnect_DWC_DownConv_readWidthConv.verilog may have changed because the following files changed:
                        D:\PION101\icicle-kit-reference-design\MPFS_ICICLE_ES\component\work\CoreGPIO_C10\CoreGPIO_C10_0\rtl\vlog\core\coregpio.v (N/A, 2025-10-29 15:39:20) <-- (may instantiate this module)
200      work.caxi4interconnect_DWC_DownConv_widthConvrd.verilog may have changed because the following files changed:
                        D:\PION101\icicle-kit-reference-design\MPFS_ICICLE_ES\component\work\CoreGPIO_C10\CoreGPIO_C10_0\rtl\vlog\core\coregpio.v (N/A, 2025-10-29 15:39:20) <-- (may instantiate this module)
201      work.caxi4interconnect_DWC_DownConv_widthConvwr.verilog may have changed because the following files changed:
                        D:\PION101\icicle-kit-reference-design\MPFS_ICICLE_ES\component\work\CoreGPIO_C10\CoreGPIO_C10_0\rtl\vlog\core\coregpio.v (N/A, 2025-10-29 15:39:20) <-- (may instantiate this module)
202      work.caxi4interconnect_DWC_DownConv_writeWidthConv.verilog may have changed because the following files changed:
                        D:\PION101\icicle-kit-reference-design\MPFS_ICICLE_ES\component\work\CoreGPIO_C10\CoreGPIO_C10_0\rtl\vlog\core\coregpio.v (N/A, 2025-10-29 15:39:20) <-- (may instantiate this module)
203      work.caxi4interconnect_DWC_RChannel_SlvRid_Arb.verilog may have changed because the following files changed:
                        D:\PION101\icicle-kit-reference-design\MPFS_ICICLE_ES\component\work\CoreGPIO_C10\CoreGPIO_C10_0\rtl\vlog\core\coregpio.v (N/A, 2025-10-29 15:39:20) <-- (may instantiate this module)
204      work.caxi4interconnect_DWC_UpConv_AChannel.verilog may have changed because the following files changed:
                        D:\PION101\icicle-kit-reference-design\MPFS_ICICLE_ES\component\work\CoreGPIO_C10\CoreGPIO_C10_0\rtl\vlog\core\coregpio.v (N/A, 2025-10-29 15:39:20) <-- (may instantiate this module)
205      work.caxi4interconnect_DWC_UpConv_BChannel.verilog may have changed because the following files changed:
                        D:\PION101\icicle-kit-reference-design\MPFS_ICICLE_ES\component\work\CoreGPIO_C10\CoreGPIO_C10_0\rtl\vlog\core\coregpio.v (N/A, 2025-10-29 15:39:20) <-- (may instantiate this module)
206      work.caxi4interconnect_DWC_UpConv_RChan_Ctrl.verilog may have changed because the following files changed:
                        D:\PION101\icicle-kit-reference-design\MPFS_ICICLE_ES\component\work\CoreGPIO_C10\CoreGPIO_C10_0\rtl\vlog\core\coregpio.v (N/A, 2025-10-29 15:39:20) <-- (may instantiate this module)
207      work.caxi4interconnect_DWC_UpConv_RChannel.verilog may have changed because the following files changed:
                        D:\PION101\icicle-kit-reference-design\MPFS_ICICLE_ES\component\work\CoreGPIO_C10\CoreGPIO_C10_0\rtl\vlog\core\coregpio.v (N/A, 2025-10-29 15:39:20) <-- (may instantiate this module)
208      work.caxi4interconnect_DWC_UpConv_WChan_Hold_Reg.verilog may have changed because the following files changed:
                        D:\PION101\icicle-kit-reference-design\MPFS_ICICLE_ES\component\work\CoreGPIO_C10\CoreGPIO_C10_0\rtl\vlog\core\coregpio.v (N/A, 2025-10-29 15:39:20) <-- (may instantiate this module)
209      work.caxi4interconnect_DWC_UpConv_WChan_ReadDataFifoCtrl.verilog may have changed because the following files changed:
                        D:\PION101\icicle-kit-reference-design\MPFS_ICICLE_ES\component\work\CoreGPIO_C10\CoreGPIO_C10_0\rtl\vlog\core\coregpio.v (N/A, 2025-10-29 15:39:20) <-- (may instantiate this module)
210      work.caxi4interconnect_DWC_UpConv_WChannel.verilog may have changed because the following files changed:
                        D:\PION101\icicle-kit-reference-design\MPFS_ICICLE_ES\component\work\CoreGPIO_C10\CoreGPIO_C10_0\rtl\vlog\core\coregpio.v (N/A, 2025-10-29 15:39:20) <-- (may instantiate this module)
211      work.caxi4interconnect_DWC_UpConv_Wchan_WriteDataFifoCtrl.verilog may have changed because the following files changed:
                        D:\PION101\icicle-kit-reference-design\MPFS_ICICLE_ES\component\work\CoreGPIO_C10\CoreGPIO_C10_0\rtl\vlog\core\coregpio.v (N/A, 2025-10-29 15:39:20) <-- (may instantiate this module)
212      work.caxi4interconnect_DWC_UpConv_preCalcAChannel.verilog may have changed because the following files changed:
                        D:\PION101\icicle-kit-reference-design\MPFS_ICICLE_ES\component\work\CoreGPIO_C10\CoreGPIO_C10_0\rtl\vlog\core\coregpio.v (N/A, 2025-10-29 15:39:20) <-- (may instantiate this module)
213      work.caxi4interconnect_DWC_UpConv_preCalcRChan_Ctrl.verilog may have changed because the following files changed:
                        D:\PION101\icicle-kit-reference-design\MPFS_ICICLE_ES\component\work\CoreGPIO_C10\CoreGPIO_C10_0\rtl\vlog\core\coregpio.v (N/A, 2025-10-29 15:39:20) <-- (may instantiate this module)
214      work.caxi4interconnect_DWC_brespCtrl.verilog may have changed because the following files changed:
                        D:\PION101\icicle-kit-reference-design\MPFS_ICICLE_ES\component\work\CoreGPIO_C10\CoreGPIO_C10_0\rtl\vlog\core\coregpio.v (N/A, 2025-10-29 15:39:20) <-- (may instantiate this module)
215      work.caxi4interconnect_DependenceChecker.verilog may have changed because the following files changed:
                        D:\PION101\icicle-kit-reference-design\MPFS_ICICLE_ES\component\work\CoreGPIO_C10\CoreGPIO_C10_0\rtl\vlog\core\coregpio.v (N/A, 2025-10-29 15:39:20) <-- (may instantiate this module)
216      work.caxi4interconnect_DownConverter.verilog may have changed because the following files changed:
                        D:\PION101\icicle-kit-reference-design\MPFS_ICICLE_ES\component\work\CoreGPIO_C10\CoreGPIO_C10_0\rtl\vlog\core\coregpio.v (N/A, 2025-10-29 15:39:20) <-- (may instantiate this module)
217      work.caxi4interconnect_DualPort_FF_SyncWr_SyncRd.verilog may have changed because the following files changed:
                        D:\PION101\icicle-kit-reference-design\MPFS_ICICLE_ES\component\work\CoreGPIO_C10\CoreGPIO_C10_0\rtl\vlog\core\coregpio.v (N/A, 2025-10-29 15:39:20) <-- (may instantiate this module)
218      work.caxi4interconnect_DualPort_RAM_SyncWr_SyncRd.verilog may have changed because the following files changed:
                        D:\PION101\icicle-kit-reference-design\MPFS_ICICLE_ES\component\work\CoreGPIO_C10\CoreGPIO_C10_0\rtl\vlog\core\coregpio.v (N/A, 2025-10-29 15:39:20) <-- (may instantiate this module)
219      work.caxi4interconnect_FIFO.verilog may have changed because the following files changed:
                        D:\PION101\icicle-kit-reference-design\MPFS_ICICLE_ES\component\work\CoreGPIO_C10\CoreGPIO_C10_0\rtl\vlog\core\coregpio.v (N/A, 2025-10-29 15:39:20) <-- (may instantiate this module)
220      work.caxi4interconnect_FIFO_CTRL.verilog may have changed because the following files changed:
                        D:\PION101\icicle-kit-reference-design\MPFS_ICICLE_ES\component\work\CoreGPIO_C10\CoreGPIO_C10_0\rtl\vlog\core\coregpio.v (N/A, 2025-10-29 15:39:20) <-- (may instantiate this module)
221      work.caxi4interconnect_FIFO_downsizing.verilog may have changed because the following files changed:
                        D:\PION101\icicle-kit-reference-design\MPFS_ICICLE_ES\component\work\CoreGPIO_C10\CoreGPIO_C10_0\rtl\vlog\core\coregpio.v (N/A, 2025-10-29 15:39:20) <-- (may instantiate this module)
222      work.caxi4interconnect_FIFO_upsizing.verilog may have changed because the following files changed:
                        D:\PION101\icicle-kit-reference-design\MPFS_ICICLE_ES\component\work\CoreGPIO_C10\CoreGPIO_C10_0\rtl\vlog\core\coregpio.v (N/A, 2025-10-29 15:39:20) <-- (may instantiate this module)
223      work.caxi4interconnect_FifoDualPort.verilog may have changed because the following files changed:
                        D:\PION101\icicle-kit-reference-design\MPFS_ICICLE_ES\component\work\CoreGPIO_C10\CoreGPIO_C10_0\rtl\vlog\core\coregpio.v (N/A, 2025-10-29 15:39:20) <-- (may instantiate this module)
224      work.caxi4interconnect_Hold_Reg_Ctrl.verilog may have changed because the following files changed:
                        D:\PION101\icicle-kit-reference-design\MPFS_ICICLE_ES\component\work\CoreGPIO_C10\CoreGPIO_C10_0\rtl\vlog\core\coregpio.v (N/A, 2025-10-29 15:39:20) <-- (may instantiate this module)
225      work.caxi4interconnect_MasterAddressDecoder.verilog may have changed because the following files changed:
                        D:\PION101\icicle-kit-reference-design\MPFS_ICICLE_ES\component\work\CoreGPIO_C10\CoreGPIO_C10_0\rtl\vlog\core\coregpio.v (N/A, 2025-10-29 15:39:20) <-- (may instantiate this module)
226      work.caxi4interconnect_MasterControl.verilog may have changed because the following files changed:
                        D:\PION101\icicle-kit-reference-design\MPFS_ICICLE_ES\component\work\CoreGPIO_C10\CoreGPIO_C10_0\rtl\vlog\core\coregpio.v (N/A, 2025-10-29 15:39:20) <-- (may instantiate this module)
227      work.caxi4interconnect_MasterConvertor.verilog may have changed because the following files changed:
                        D:\PION101\icicle-kit-reference-design\MPFS_ICICLE_ES\component\work\CoreGPIO_C10\CoreGPIO_C10_0\rtl\vlog\core\coregpio.v (N/A, 2025-10-29 15:39:20) <-- (may instantiate this module)
228      work.caxi4interconnect_MstrAHBtoAXI4Converter.verilog may have changed because the following files changed:
                        D:\PION101\icicle-kit-reference-design\MPFS_ICICLE_ES\component\work\CoreGPIO_C10\CoreGPIO_C10_0\rtl\vlog\core\coregpio.v (N/A, 2025-10-29 15:39:20) <-- (may instantiate this module)
229      work.caxi4interconnect_MstrClockDomainCrossing.verilog may have changed because the following files changed:
                        D:\PION101\icicle-kit-reference-design\MPFS_ICICLE_ES\component\work\CoreGPIO_C10\CoreGPIO_C10_0\rtl\vlog\core\coregpio.v (N/A, 2025-10-29 15:39:20) <-- (may instantiate this module)
230      work.caxi4interconnect_MstrDataWidthConv.verilog may have changed because the following files changed:
                        D:\PION101\icicle-kit-reference-design\MPFS_ICICLE_ES\component\work\CoreGPIO_C10\CoreGPIO_C10_0\rtl\vlog\core\coregpio.v (N/A, 2025-10-29 15:39:20) <-- (may instantiate this module)
231      work.caxi4interconnect_MstrProtocolConverter.verilog may have changed because the following files changed:
                        D:\PION101\icicle-kit-reference-design\MPFS_ICICLE_ES\component\work\CoreGPIO_C10\CoreGPIO_C10_0\rtl\vlog\core\coregpio.v (N/A, 2025-10-29 15:39:20) <-- (may instantiate this module)
232      work.caxi4interconnect_RAM_BLOCK.verilog may have changed because the following files changed:
                        D:\PION101\icicle-kit-reference-design\MPFS_ICICLE_ES\component\work\CoreGPIO_C10\CoreGPIO_C10_0\rtl\vlog\core\coregpio.v (N/A, 2025-10-29 15:39:20) <-- (may instantiate this module)
233      work.caxi4interconnect_RDataController.verilog may have changed because the following files changed:
                        D:\PION101\icicle-kit-reference-design\MPFS_ICICLE_ES\component\work\CoreGPIO_C10\CoreGPIO_C10_0\rtl\vlog\core\coregpio.v (N/A, 2025-10-29 15:39:20) <-- (may instantiate this module)
234      work.caxi4interconnect_RdFifoDualPort.verilog may have changed because the following files changed:
                        D:\PION101\icicle-kit-reference-design\MPFS_ICICLE_ES\component\work\CoreGPIO_C10\CoreGPIO_C10_0\rtl\vlog\core\coregpio.v (N/A, 2025-10-29 15:39:20) <-- (may instantiate this module)
235      work.caxi4interconnect_ReadDataController.verilog may have changed because the following files changed:
                        D:\PION101\icicle-kit-reference-design\MPFS_ICICLE_ES\component\work\CoreGPIO_C10\CoreGPIO_C10_0\rtl\vlog\core\coregpio.v (N/A, 2025-10-29 15:39:20) <-- (may instantiate this module)
236      work.caxi4interconnect_ReadDataMux.verilog may have changed because the following files changed:
                        D:\PION101\icicle-kit-reference-design\MPFS_ICICLE_ES\component\work\CoreGPIO_C10\CoreGPIO_C10_0\rtl\vlog\core\coregpio.v (N/A, 2025-10-29 15:39:20) <-- (may instantiate this module)
237      work.caxi4interconnect_RegSliceFull.verilog may have changed because the following files changed:
                        D:\PION101\icicle-kit-reference-design\MPFS_ICICLE_ES\component\work\CoreGPIO_C10\CoreGPIO_C10_0\rtl\vlog\core\coregpio.v (N/A, 2025-10-29 15:39:20) <-- (may instantiate this module)
238      work.caxi4interconnect_RegisterSlice.verilog may have changed because the following files changed:
                        D:\PION101\icicle-kit-reference-design\MPFS_ICICLE_ES\component\work\CoreGPIO_C10\CoreGPIO_C10_0\rtl\vlog\core\coregpio.v (N/A, 2025-10-29 15:39:20) <-- (may instantiate this module)
239      work.caxi4interconnect_RequestQual.verilog may have changed because the following files changed:
                        D:\PION101\icicle-kit-reference-design\MPFS_ICICLE_ES\component\work\CoreGPIO_C10\CoreGPIO_C10_0\rtl\vlog\core\coregpio.v (N/A, 2025-10-29 15:39:20) <-- (may instantiate this module)
240      work.caxi4interconnect_ResetSycnc.verilog may have changed because the following files changed:
                        D:\PION101\icicle-kit-reference-design\MPFS_ICICLE_ES\component\work\CoreGPIO_C10\CoreGPIO_C10_0\rtl\vlog\core\coregpio.v (N/A, 2025-10-29 15:39:20) <-- (may instantiate this module)
241      work.caxi4interconnect_RespController.verilog may have changed because the following files changed:
                        D:\PION101\icicle-kit-reference-design\MPFS_ICICLE_ES\component\work\CoreGPIO_C10\CoreGPIO_C10_0\rtl\vlog\core\coregpio.v (N/A, 2025-10-29 15:39:20) <-- (may instantiate this module)
242      work.caxi4interconnect_RoundRobinArb.verilog may have changed because the following files changed:
                        D:\PION101\icicle-kit-reference-design\MPFS_ICICLE_ES\component\work\CoreGPIO_C10\CoreGPIO_C10_0\rtl\vlog\core\coregpio.v (N/A, 2025-10-29 15:39:20) <-- (may instantiate this module)
243      work.caxi4interconnect_SlaveConvertor.verilog may have changed because the following files changed:
                        D:\PION101\icicle-kit-reference-design\MPFS_ICICLE_ES\component\work\CoreGPIO_C10\CoreGPIO_C10_0\rtl\vlog\core\coregpio.v (N/A, 2025-10-29 15:39:20) <-- (may instantiate this module)
244      work.caxi4interconnect_SlaveDataMuxController.verilog may have changed because the following files changed:
                        D:\PION101\icicle-kit-reference-design\MPFS_ICICLE_ES\component\work\CoreGPIO_C10\CoreGPIO_C10_0\rtl\vlog\core\coregpio.v (N/A, 2025-10-29 15:39:20) <-- (may instantiate this module)
245      work.caxi4interconnect_SlvAxi4ProtConvAXI4ID.verilog may have changed because the following files changed:
                        D:\PION101\icicle-kit-reference-design\MPFS_ICICLE_ES\component\work\CoreGPIO_C10\CoreGPIO_C10_0\rtl\vlog\core\coregpio.v (N/A, 2025-10-29 15:39:20) <-- (may instantiate this module)
246      work.caxi4interconnect_SlvAxi4ProtConvRead.verilog may have changed because the following files changed:
                        D:\PION101\icicle-kit-reference-design\MPFS_ICICLE_ES\component\work\CoreGPIO_C10\CoreGPIO_C10_0\rtl\vlog\core\coregpio.v (N/A, 2025-10-29 15:39:20) <-- (may instantiate this module)
247      work.caxi4interconnect_SlvAxi4ProtConvWrite.verilog may have changed because the following files changed:
                        D:\PION101\icicle-kit-reference-design\MPFS_ICICLE_ES\component\work\CoreGPIO_C10\CoreGPIO_C10_0\rtl\vlog\core\coregpio.v (N/A, 2025-10-29 15:39:20) <-- (may instantiate this module)
248      work.caxi4interconnect_SlvAxi4ProtocolConv.verilog may have changed because the following files changed:
                        D:\PION101\icicle-kit-reference-design\MPFS_ICICLE_ES\component\work\CoreGPIO_C10\CoreGPIO_C10_0\rtl\vlog\core\coregpio.v (N/A, 2025-10-29 15:39:20) <-- (may instantiate this module)
249      work.caxi4interconnect_SlvClockDomainCrossing.verilog may have changed because the following files changed:
                        D:\PION101\icicle-kit-reference-design\MPFS_ICICLE_ES\component\work\CoreGPIO_C10\CoreGPIO_C10_0\rtl\vlog\core\coregpio.v (N/A, 2025-10-29 15:39:20) <-- (may instantiate this module)
250      work.caxi4interconnect_SlvDataWidthConverter.verilog may have changed because the following files changed:
                        D:\PION101\icicle-kit-reference-design\MPFS_ICICLE_ES\component\work\CoreGPIO_C10\CoreGPIO_C10_0\rtl\vlog\core\coregpio.v (N/A, 2025-10-29 15:39:20) <-- (may instantiate this module)
251      work.caxi4interconnect_SlvProtocolConverter.verilog may have changed because the following files changed:
                        D:\PION101\icicle-kit-reference-design\MPFS_ICICLE_ES\component\work\CoreGPIO_C10\CoreGPIO_C10_0\rtl\vlog\core\coregpio.v (N/A, 2025-10-29 15:39:20) <-- (may instantiate this module)
252      work.caxi4interconnect_TargetMuxController.verilog may have changed because the following files changed:
                        D:\PION101\icicle-kit-reference-design\MPFS_ICICLE_ES\component\work\CoreGPIO_C10\CoreGPIO_C10_0\rtl\vlog\core\coregpio.v (N/A, 2025-10-29 15:39:20) <-- (may instantiate this module)
253      work.caxi4interconnect_TransactionController.verilog may have changed because the following files changed:
                        D:\PION101\icicle-kit-reference-design\MPFS_ICICLE_ES\component\work\CoreGPIO_C10\CoreGPIO_C10_0\rtl\vlog\core\coregpio.v (N/A, 2025-10-29 15:39:20) <-- (may instantiate this module)
254      work.caxi4interconnect_UpConverter.verilog may have changed because the following files changed:
                        D:\PION101\icicle-kit-reference-design\MPFS_ICICLE_ES\component\work\CoreGPIO_C10\CoreGPIO_C10_0\rtl\vlog\core\coregpio.v (N/A, 2025-10-29 15:39:20) <-- (may instantiate this module)
255      work.caxi4interconnect_WDataController.verilog may have changed because the following files changed:
                        D:\PION101\icicle-kit-reference-design\MPFS_ICICLE_ES\component\work\CoreGPIO_C10\CoreGPIO_C10_0\rtl\vlog\core\coregpio.v (N/A, 2025-10-29 15:39:20) <-- (may instantiate this module)
256      work.caxi4interconnect_WriteDataMux.verilog may have changed because the following files changed:
                        D:\PION101\icicle-kit-reference-design\MPFS_ICICLE_ES\component\work\CoreGPIO_C10\CoreGPIO_C10_0\rtl\vlog\core\coregpio.v (N/A, 2025-10-29 15:39:20) <-- (may instantiate this module)
257      work.caxi4interconnect_byte2bit.verilog may have changed because the following files changed:
                        D:\PION101\icicle-kit-reference-design\MPFS_ICICLE_ES\component\work\CoreGPIO_C10\CoreGPIO_C10_0\rtl\vlog\core\coregpio.v (N/A, 2025-10-29 15:39:20) <-- (may instantiate this module)
258      work.caxi4interconnect_revision.verilog may have changed because the following files changed:
                        D:\PION101\icicle-kit-reference-design\MPFS_ICICLE_ES\component\work\CoreGPIO_C10\CoreGPIO_C10_0\rtl\vlog\core\coregpio.v (N/A, 2025-10-29 15:39:20) <-- (may instantiate this module)
262      work.corepwm_reg_if.verilog may have changed because the following files changed:
                        D:\PION101\icicle-kit-reference-design\MPFS_ICICLE_ES\component\work\FIC_3_PERIPHERALS\FIC_3_PERIPHERALS.v (2025-10-29 15:13:01, 2025-10-29 15:43:12) <-- (module definition)
265      work.fabric_sd_emmc_demux_select.verilog may have changed because the following files changed:
                        D:\PION101\icicle-kit-reference-design\MPFS_ICICLE_ES\component\work\MPFS_ICICLE_KIT_BASE_DESIGN\MPFS_ICICLE_KIT_BASE_DESIGN.v (2025-10-29 15:15:08, 2025-10-29 16:05:09) <-- (module definition)

*******************************************************************
Unmodified files: 199
FID:  path (timestamp)
0        C:\Microchip\Libero_SoC_2025.1\Libero_SoC\Synplify_Pro\lib\generic\acg5.v (2025-04-29 15:12:56)
1        C:\Microchip\Libero_SoC_2025.1\Libero_SoC\Synplify_Pro\lib\vlog\hypermods.v (2025-04-29 17:53:26)
2        C:\Microchip\Libero_SoC_2025.1\Libero_SoC\Synplify_Pro\lib\vlog\scemi_objects.v (2025-04-29 17:53:26)
3        C:\Microchip\Libero_SoC_2025.1\Libero_SoC\Synplify_Pro\lib\vlog\scemi_pipes.svh (2025-04-29 17:53:26)
4        D:\PION101\icicle-kit-reference-design\MPFS_ICICLE_ES\component\Actel\DirectCore\COREAXI4INTERCONNECT\2.8.103\rtl\vlog\core\Axi4Convertors\AHBL_Ctrl.v (2025-10-28 09:16:58)
5        D:\PION101\icicle-kit-reference-design\MPFS_ICICLE_ES\component\Actel\DirectCore\COREAXI4INTERCONNECT\2.8.103\rtl\vlog\core\Axi4Convertors\AHB_SM.v (2025-10-28 09:16:58)
6        D:\PION101\icicle-kit-reference-design\MPFS_ICICLE_ES\component\Actel\DirectCore\COREAXI4INTERCONNECT\2.8.103\rtl\vlog\core\Axi4Convertors\AXI4_Read_Ctrl.v (2025-10-28 09:16:58)
7        D:\PION101\icicle-kit-reference-design\MPFS_ICICLE_ES\component\Actel\DirectCore\COREAXI4INTERCONNECT\2.8.103\rtl\vlog\core\Axi4Convertors\AXI4_Write_Ctrl.v (2025-10-28 09:16:58)
8        D:\PION101\icicle-kit-reference-design\MPFS_ICICLE_ES\component\Actel\DirectCore\COREAXI4INTERCONNECT\2.8.103\rtl\vlog\core\Axi4Convertors\Bin2Gray.v (2025-10-28 09:16:58)
9        D:\PION101\icicle-kit-reference-design\MPFS_ICICLE_ES\component\Actel\DirectCore\COREAXI4INTERCONNECT\2.8.103\rtl\vlog\core\Axi4Convertors\CDC_FIFO.v (2025-10-28 09:16:58)
10       D:\PION101\icicle-kit-reference-design\MPFS_ICICLE_ES\component\Actel\DirectCore\COREAXI4INTERCONNECT\2.8.103\rtl\vlog\core\Axi4Convertors\CDC_grayCodeCounter.v (2025-10-28 09:16:58)
11       D:\PION101\icicle-kit-reference-design\MPFS_ICICLE_ES\component\Actel\DirectCore\COREAXI4INTERCONNECT\2.8.103\rtl\vlog\core\Axi4Convertors\CDC_rdCtrl.v (2025-10-28 09:16:58)
12       D:\PION101\icicle-kit-reference-design\MPFS_ICICLE_ES\component\Actel\DirectCore\COREAXI4INTERCONNECT\2.8.103\rtl\vlog\core\Axi4Convertors\CDC_wrCtrl.v (2025-10-28 09:16:58)
13       D:\PION101\icicle-kit-reference-design\MPFS_ICICLE_ES\component\Actel\DirectCore\COREAXI4INTERCONNECT\2.8.103\rtl\vlog\core\Axi4Convertors\DWC_DownConv_CmdFifoWriteCtrl.v (2025-10-28 09:16:58)
14       D:\PION101\icicle-kit-reference-design\MPFS_ICICLE_ES\component\Actel\DirectCore\COREAXI4INTERCONNECT\2.8.103\rtl\vlog\core\Axi4Convertors\DWC_DownConv_Hold_Reg_Rd.v (2025-10-28 09:16:58)
15       D:\PION101\icicle-kit-reference-design\MPFS_ICICLE_ES\component\Actel\DirectCore\COREAXI4INTERCONNECT\2.8.103\rtl\vlog\core\Axi4Convertors\DWC_DownConv_Hold_Reg_Wr.v (2025-10-28 09:16:58)
16       D:\PION101\icicle-kit-reference-design\MPFS_ICICLE_ES\component\Actel\DirectCore\COREAXI4INTERCONNECT\2.8.103\rtl\vlog\core\Axi4Convertors\DWC_DownConv_preCalcCmdFifoWrCtrl.v (2025-10-28 09:16:58)
17       D:\PION101\icicle-kit-reference-design\MPFS_ICICLE_ES\component\Actel\DirectCore\COREAXI4INTERCONNECT\2.8.103\rtl\vlog\core\Axi4Convertors\DWC_DownConv_readWidthConv.v (2025-10-28 09:16:58)
18       D:\PION101\icicle-kit-reference-design\MPFS_ICICLE_ES\component\Actel\DirectCore\COREAXI4INTERCONNECT\2.8.103\rtl\vlog\core\Axi4Convertors\DWC_DownConv_widthConvrd.v (2025-10-28 09:16:58)
19       D:\PION101\icicle-kit-reference-design\MPFS_ICICLE_ES\component\Actel\DirectCore\COREAXI4INTERCONNECT\2.8.103\rtl\vlog\core\Axi4Convertors\DWC_DownConv_widthConvwr.v (2025-10-28 09:16:58)
20       D:\PION101\icicle-kit-reference-design\MPFS_ICICLE_ES\component\Actel\DirectCore\COREAXI4INTERCONNECT\2.8.103\rtl\vlog\core\Axi4Convertors\DWC_DownConv_writeWidthConv.v (2025-10-28 09:16:58)
21       D:\PION101\icicle-kit-reference-design\MPFS_ICICLE_ES\component\Actel\DirectCore\COREAXI4INTERCONNECT\2.8.103\rtl\vlog\core\Axi4Convertors\DWC_UpConv_AChannel.v (2025-10-28 09:16:58)
22       D:\PION101\icicle-kit-reference-design\MPFS_ICICLE_ES\component\Actel\DirectCore\COREAXI4INTERCONNECT\2.8.103\rtl\vlog\core\Axi4Convertors\DWC_UpConv_BChannel.v (2025-10-28 09:16:58)
23       D:\PION101\icicle-kit-reference-design\MPFS_ICICLE_ES\component\Actel\DirectCore\COREAXI4INTERCONNECT\2.8.103\rtl\vlog\core\Axi4Convertors\DWC_UpConv_RChan_Ctrl.v (2025-10-28 09:16:58)
24       D:\PION101\icicle-kit-reference-design\MPFS_ICICLE_ES\component\Actel\DirectCore\COREAXI4INTERCONNECT\2.8.103\rtl\vlog\core\Axi4Convertors\DWC_UpConv_RChannel.v (2025-10-28 09:16:58)
25       D:\PION101\icicle-kit-reference-design\MPFS_ICICLE_ES\component\Actel\DirectCore\COREAXI4INTERCONNECT\2.8.103\rtl\vlog\core\Axi4Convertors\DWC_UpConv_RChannel_SlvRid_Arb.v (2025-10-28 09:16:58)
26       D:\PION101\icicle-kit-reference-design\MPFS_ICICLE_ES\component\Actel\DirectCore\COREAXI4INTERCONNECT\2.8.103\rtl\vlog\core\Axi4Convertors\DWC_UpConv_WChan_Hold_Reg.v (2025-10-28 09:16:58)
27       D:\PION101\icicle-kit-reference-design\MPFS_ICICLE_ES\component\Actel\DirectCore\COREAXI4INTERCONNECT\2.8.103\rtl\vlog\core\Axi4Convertors\DWC_UpConv_WChan_ReadDataFifoCtrl.v (2025-10-28 09:16:58)
28       D:\PION101\icicle-kit-reference-design\MPFS_ICICLE_ES\component\Actel\DirectCore\COREAXI4INTERCONNECT\2.8.103\rtl\vlog\core\Axi4Convertors\DWC_UpConv_WChannel.v (2025-10-28 09:16:58)
29       D:\PION101\icicle-kit-reference-design\MPFS_ICICLE_ES\component\Actel\DirectCore\COREAXI4INTERCONNECT\2.8.103\rtl\vlog\core\Axi4Convertors\DWC_UpConv_Wchan_WriteDataFifoCtrl.v (2025-10-28 09:16:58)
30       D:\PION101\icicle-kit-reference-design\MPFS_ICICLE_ES\component\Actel\DirectCore\COREAXI4INTERCONNECT\2.8.103\rtl\vlog\core\Axi4Convertors\DWC_UpConv_preCalcAChannel.v (2025-10-28 09:16:58)
31       D:\PION101\icicle-kit-reference-design\MPFS_ICICLE_ES\component\Actel\DirectCore\COREAXI4INTERCONNECT\2.8.103\rtl\vlog\core\Axi4Convertors\DWC_UpConv_preCalcRChan_Ctrl.v (2025-10-28 09:16:58)
32       D:\PION101\icicle-kit-reference-design\MPFS_ICICLE_ES\component\Actel\DirectCore\COREAXI4INTERCONNECT\2.8.103\rtl\vlog\core\Axi4Convertors\DWC_brespCtrl.v (2025-10-28 09:16:58)
33       D:\PION101\icicle-kit-reference-design\MPFS_ICICLE_ES\component\Actel\DirectCore\COREAXI4INTERCONNECT\2.8.103\rtl\vlog\core\Axi4Convertors\DownConverter.v (2025-10-28 09:16:58)
34       D:\PION101\icicle-kit-reference-design\MPFS_ICICLE_ES\component\Actel\DirectCore\COREAXI4INTERCONNECT\2.8.103\rtl\vlog\core\Axi4Convertors\FIFO.v (2025-10-28 09:16:58)
35       D:\PION101\icicle-kit-reference-design\MPFS_ICICLE_ES\component\Actel\DirectCore\COREAXI4INTERCONNECT\2.8.103\rtl\vlog\core\Axi4Convertors\FIFO_CTRL.v (2025-10-28 09:16:58)
36       D:\PION101\icicle-kit-reference-design\MPFS_ICICLE_ES\component\Actel\DirectCore\COREAXI4INTERCONNECT\2.8.103\rtl\vlog\core\Axi4Convertors\FIFO_downsizing.v (2025-10-28 09:16:58)
37       D:\PION101\icicle-kit-reference-design\MPFS_ICICLE_ES\component\Actel\DirectCore\COREAXI4INTERCONNECT\2.8.103\rtl\vlog\core\Axi4Convertors\FIFO_upsizing.v (2025-10-28 09:16:58)
38       D:\PION101\icicle-kit-reference-design\MPFS_ICICLE_ES\component\Actel\DirectCore\COREAXI4INTERCONNECT\2.8.103\rtl\vlog\core\Axi4Convertors\Hold_Reg_Ctrl.v (2025-10-28 09:16:58)
39       D:\PION101\icicle-kit-reference-design\MPFS_ICICLE_ES\component\Actel\DirectCore\COREAXI4INTERCONNECT\2.8.103\rtl\vlog\core\Axi4Convertors\MasterConvertor.v (2025-10-28 09:16:58)
40       D:\PION101\icicle-kit-reference-design\MPFS_ICICLE_ES\component\Actel\DirectCore\COREAXI4INTERCONNECT\2.8.103\rtl\vlog\core\Axi4Convertors\MstrAHBtoAXI4Converter.v (2025-10-28 09:16:58)
41       D:\PION101\icicle-kit-reference-design\MPFS_ICICLE_ES\component\Actel\DirectCore\COREAXI4INTERCONNECT\2.8.103\rtl\vlog\core\Axi4Convertors\MstrClockDomainCrossing.v (2025-10-28 09:16:58)
42       D:\PION101\icicle-kit-reference-design\MPFS_ICICLE_ES\component\Actel\DirectCore\COREAXI4INTERCONNECT\2.8.103\rtl\vlog\core\Axi4Convertors\MstrDataWidthConv.v (2025-10-28 09:16:58)
43       D:\PION101\icicle-kit-reference-design\MPFS_ICICLE_ES\component\Actel\DirectCore\COREAXI4INTERCONNECT\2.8.103\rtl\vlog\core\Axi4Convertors\MstrProtocolConverter.v (2025-10-28 09:16:58)
44       D:\PION101\icicle-kit-reference-design\MPFS_ICICLE_ES\component\Actel\DirectCore\COREAXI4INTERCONNECT\2.8.103\rtl\vlog\core\Axi4Convertors\RAM_BLOCK.v (2025-10-28 09:16:58)
45       D:\PION101\icicle-kit-reference-design\MPFS_ICICLE_ES\component\Actel\DirectCore\COREAXI4INTERCONNECT\2.8.103\rtl\vlog\core\Axi4Convertors\RegSliceFull.v (2025-10-28 09:16:58)
46       D:\PION101\icicle-kit-reference-design\MPFS_ICICLE_ES\component\Actel\DirectCore\COREAXI4INTERCONNECT\2.8.103\rtl\vlog\core\Axi4Convertors\RegisterSlice.v (2025-10-28 09:16:58)
47       D:\PION101\icicle-kit-reference-design\MPFS_ICICLE_ES\component\Actel\DirectCore\COREAXI4INTERCONNECT\2.8.103\rtl\vlog\core\Axi4Convertors\SlaveConvertor.v (2025-10-28 09:16:58)
48       D:\PION101\icicle-kit-reference-design\MPFS_ICICLE_ES\component\Actel\DirectCore\COREAXI4INTERCONNECT\2.8.103\rtl\vlog\core\Axi4Convertors\SlvAxi4ProtConvAXI4ID.v (2025-10-28 09:16:58)
49       D:\PION101\icicle-kit-reference-design\MPFS_ICICLE_ES\component\Actel\DirectCore\COREAXI4INTERCONNECT\2.8.103\rtl\vlog\core\Axi4Convertors\SlvAxi4ProtConvRead.v (2025-10-28 09:16:58)
50       D:\PION101\icicle-kit-reference-design\MPFS_ICICLE_ES\component\Actel\DirectCore\COREAXI4INTERCONNECT\2.8.103\rtl\vlog\core\Axi4Convertors\SlvAxi4ProtConvWrite.v (2025-10-28 09:16:58)
51       D:\PION101\icicle-kit-reference-design\MPFS_ICICLE_ES\component\Actel\DirectCore\COREAXI4INTERCONNECT\2.8.103\rtl\vlog\core\Axi4Convertors\SlvAxi4ProtocolConv.v (2025-10-28 09:16:58)
52       D:\PION101\icicle-kit-reference-design\MPFS_ICICLE_ES\component\Actel\DirectCore\COREAXI4INTERCONNECT\2.8.103\rtl\vlog\core\Axi4Convertors\SlvClockDomainCrossing.v (2025-10-28 09:16:58)
53       D:\PION101\icicle-kit-reference-design\MPFS_ICICLE_ES\component\Actel\DirectCore\COREAXI4INTERCONNECT\2.8.103\rtl\vlog\core\Axi4Convertors\SlvDataWidthConverter.v (2025-10-28 09:16:58)
54       D:\PION101\icicle-kit-reference-design\MPFS_ICICLE_ES\component\Actel\DirectCore\COREAXI4INTERCONNECT\2.8.103\rtl\vlog\core\Axi4Convertors\SlvProtocolConverter.v (2025-10-28 09:16:58)
55       D:\PION101\icicle-kit-reference-design\MPFS_ICICLE_ES\component\Actel\DirectCore\COREAXI4INTERCONNECT\2.8.103\rtl\vlog\core\Axi4Convertors\UpConverter.v (2025-10-28 09:16:58)
56       D:\PION101\icicle-kit-reference-design\MPFS_ICICLE_ES\component\Actel\DirectCore\COREAXI4INTERCONNECT\2.8.103\rtl\vlog\core\Axi4Convertors\byte2bit.v (2025-10-28 09:16:58)
57       D:\PION101\icicle-kit-reference-design\MPFS_ICICLE_ES\component\Actel\DirectCore\COREAXI4INTERCONNECT\2.8.103\rtl\vlog\core\Axi4CrossBar\AddressController.v (2025-10-28 09:16:58)
58       D:\PION101\icicle-kit-reference-design\MPFS_ICICLE_ES\component\Actel\DirectCore\COREAXI4INTERCONNECT\2.8.103\rtl\vlog\core\Axi4CrossBar\Axi4CrossBar.v (2025-10-28 09:16:58)
59       D:\PION101\icicle-kit-reference-design\MPFS_ICICLE_ES\component\Actel\DirectCore\COREAXI4INTERCONNECT\2.8.103\rtl\vlog\core\Axi4CrossBar\BitScan0.v (2025-10-28 09:16:58)
60       D:\PION101\icicle-kit-reference-design\MPFS_ICICLE_ES\component\Actel\DirectCore\COREAXI4INTERCONNECT\2.8.103\rtl\vlog\core\Axi4CrossBar\DERR_Slave.v (2025-10-28 09:16:58)
61       D:\PION101\icicle-kit-reference-design\MPFS_ICICLE_ES\component\Actel\DirectCore\COREAXI4INTERCONNECT\2.8.103\rtl\vlog\core\Axi4CrossBar\DependenceChecker.v (2025-10-28 09:16:58)
62       D:\PION101\icicle-kit-reference-design\MPFS_ICICLE_ES\component\Actel\DirectCore\COREAXI4INTERCONNECT\2.8.103\rtl\vlog\core\Axi4CrossBar\DualPort_FF_SyncWr_SyncRd.v (2025-10-28 09:16:58)
63       D:\PION101\icicle-kit-reference-design\MPFS_ICICLE_ES\component\Actel\DirectCore\COREAXI4INTERCONNECT\2.8.103\rtl\vlog\core\Axi4CrossBar\DualPort_Ram_SyncWr_SyncRd.v (2025-10-28 09:16:58)
64       D:\PION101\icicle-kit-reference-design\MPFS_ICICLE_ES\component\Actel\DirectCore\COREAXI4INTERCONNECT\2.8.103\rtl\vlog\core\Axi4CrossBar\FifoDualPort.v (2025-10-28 09:16:58)
65       D:\PION101\icicle-kit-reference-design\MPFS_ICICLE_ES\component\Actel\DirectCore\COREAXI4INTERCONNECT\2.8.103\rtl\vlog\core\Axi4CrossBar\MasterAddressDecoder.v (2025-10-28 09:16:58)
66       D:\PION101\icicle-kit-reference-design\MPFS_ICICLE_ES\component\Actel\DirectCore\COREAXI4INTERCONNECT\2.8.103\rtl\vlog\core\Axi4CrossBar\MasterControl.v (2025-10-28 09:16:58)
67       D:\PION101\icicle-kit-reference-design\MPFS_ICICLE_ES\component\Actel\DirectCore\COREAXI4INTERCONNECT\2.8.103\rtl\vlog\core\Axi4CrossBar\RDataController.v (2025-10-28 09:16:58)
68       D:\PION101\icicle-kit-reference-design\MPFS_ICICLE_ES\component\Actel\DirectCore\COREAXI4INTERCONNECT\2.8.103\rtl\vlog\core\Axi4CrossBar\RdFifoDualPort.v (2025-10-28 09:16:58)
69       D:\PION101\icicle-kit-reference-design\MPFS_ICICLE_ES\component\Actel\DirectCore\COREAXI4INTERCONNECT\2.8.103\rtl\vlog\core\Axi4CrossBar\ReadDataController.v (2025-10-28 09:16:58)
70       D:\PION101\icicle-kit-reference-design\MPFS_ICICLE_ES\component\Actel\DirectCore\COREAXI4INTERCONNECT\2.8.103\rtl\vlog\core\Axi4CrossBar\ReadDataMux.v (2025-10-28 09:16:58)
71       D:\PION101\icicle-kit-reference-design\MPFS_ICICLE_ES\component\Actel\DirectCore\COREAXI4INTERCONNECT\2.8.103\rtl\vlog\core\Axi4CrossBar\RequestQual.v (2025-10-28 09:16:58)
72       D:\PION101\icicle-kit-reference-design\MPFS_ICICLE_ES\component\Actel\DirectCore\COREAXI4INTERCONNECT\2.8.103\rtl\vlog\core\Axi4CrossBar\ResetSycnc.v (2025-10-28 09:16:58)
73       D:\PION101\icicle-kit-reference-design\MPFS_ICICLE_ES\component\Actel\DirectCore\COREAXI4INTERCONNECT\2.8.103\rtl\vlog\core\Axi4CrossBar\RespController.v (2025-10-28 09:16:58)
74       D:\PION101\icicle-kit-reference-design\MPFS_ICICLE_ES\component\Actel\DirectCore\COREAXI4INTERCONNECT\2.8.103\rtl\vlog\core\Axi4CrossBar\Revision.v (2025-10-28 09:16:58)
75       D:\PION101\icicle-kit-reference-design\MPFS_ICICLE_ES\component\Actel\DirectCore\COREAXI4INTERCONNECT\2.8.103\rtl\vlog\core\Axi4CrossBar\RoundRobinArb.v (2025-10-28 09:16:58)
76       D:\PION101\icicle-kit-reference-design\MPFS_ICICLE_ES\component\Actel\DirectCore\COREAXI4INTERCONNECT\2.8.103\rtl\vlog\core\Axi4CrossBar\SlaveDataMuxController.v (2025-10-28 09:16:58)
77       D:\PION101\icicle-kit-reference-design\MPFS_ICICLE_ES\component\Actel\DirectCore\COREAXI4INTERCONNECT\2.8.103\rtl\vlog\core\Axi4CrossBar\TargetMuxController.v (2025-10-28 09:16:58)
78       D:\PION101\icicle-kit-reference-design\MPFS_ICICLE_ES\component\Actel\DirectCore\COREAXI4INTERCONNECT\2.8.103\rtl\vlog\core\Axi4CrossBar\TransactionController.v (2025-10-28 09:16:58)
79       D:\PION101\icicle-kit-reference-design\MPFS_ICICLE_ES\component\Actel\DirectCore\COREAXI4INTERCONNECT\2.8.103\rtl\vlog\core\Axi4CrossBar\WDataController.v (2025-10-28 09:16:58)
80       D:\PION101\icicle-kit-reference-design\MPFS_ICICLE_ES\component\Actel\DirectCore\COREAXI4INTERCONNECT\2.8.103\rtl\vlog\core\Axi4CrossBar\WriteDataMux.v (2025-10-28 09:16:58)
81       D:\PION101\icicle-kit-reference-design\MPFS_ICICLE_ES\component\Actel\DirectCore\COREAXI4INTERCONNECT\2.8.103\rtl\vlog\core\CoreAxi4Interconnect.v (2025-10-28 09:16:58)
82       D:\PION101\icicle-kit-reference-design\MPFS_ICICLE_ES\component\Actel\DirectCore\COREI2C\7.2.101\rtl\vlog\core\corei2creal.v (2025-10-28 09:16:58)
83       D:\PION101\icicle-kit-reference-design\MPFS_ICICLE_ES\component\Actel\DirectCore\CoreAPB3\4.2.100\rtl\vlog\core\coreapb3.v (2025-10-28 09:16:58)
84       D:\PION101\icicle-kit-reference-design\MPFS_ICICLE_ES\component\Actel\DirectCore\CoreAPB3\4.2.100\rtl\vlog\core\coreapb3_iaddr_reg.v (2025-10-28 09:16:58)
85       D:\PION101\icicle-kit-reference-design\MPFS_ICICLE_ES\component\Actel\DirectCore\CoreAPB3\4.2.100\rtl\vlog\core\coreapb3_muxptob3.v (2025-10-28 09:16:58)
86       D:\PION101\icicle-kit-reference-design\MPFS_ICICLE_ES\component\Actel\DirectCore\corepwm\4.5.100\rtl\vlog\core\corepwm.v (2025-10-28 09:16:58)
87       D:\PION101\icicle-kit-reference-design\MPFS_ICICLE_ES\component\Actel\DirectCore\corepwm\4.5.100\rtl\vlog\core\pwm_gen.v (2025-10-28 09:16:58)
88       D:\PION101\icicle-kit-reference-design\MPFS_ICICLE_ES\component\Actel\DirectCore\corepwm\4.5.100\rtl\vlog\core\reg_if.v (2025-10-28 09:16:58)
89       D:\PION101\icicle-kit-reference-design\MPFS_ICICLE_ES\component\Actel\DirectCore\corepwm\4.5.100\rtl\vlog\core\tach_if.v (2025-10-28 09:16:58)
90       D:\PION101\icicle-kit-reference-design\MPFS_ICICLE_ES\component\Actel\DirectCore\corepwm\4.5.100\rtl\vlog\core\timebase.v (2025-10-28 09:16:58)
91       D:\PION101\icicle-kit-reference-design\MPFS_ICICLE_ES\component\Actel\SgCore\PF_PCIE\2.0.121\g5_apblink_master.v (2025-10-28 09:16:58)
93       D:\PION101\icicle-kit-reference-design\MPFS_ICICLE_ES\component\work\CLK_DIV\CLK_DIV.v (2025-10-28 09:16:58)
94       D:\PION101\icicle-kit-reference-design\MPFS_ICICLE_ES\component\work\CLK_DIV\CLK_DIV_0\CLK_DIV_CLK_DIV_0_PF_CLK_DIV.v (2025-10-28 09:16:58)
95       D:\PION101\icicle-kit-reference-design\MPFS_ICICLE_ES\component\work\CLOCKS_AND_RESETS\CLOCKS_AND_RESETS.v (2025-10-28 09:16:58)
96       D:\PION101\icicle-kit-reference-design\MPFS_ICICLE_ES\component\work\COREI2C_C0\COREI2C_C0.v (2025-10-28 09:16:58)
97       D:\PION101\icicle-kit-reference-design\MPFS_ICICLE_ES\component\work\COREI2C_C0\COREI2C_C0_0\rtl\vlog\core\corei2c.v (2025-10-28 09:16:58)
98       D:\PION101\icicle-kit-reference-design\MPFS_ICICLE_ES\component\work\CORERESET\CORERESET.v (2025-10-28 09:16:58)
99       D:\PION101\icicle-kit-reference-design\MPFS_ICICLE_ES\component\work\CORERESET\CORERESET_0\core\corereset_pf.v (2025-10-28 09:16:58)
100      D:\PION101\icicle-kit-reference-design\MPFS_ICICLE_ES\component\work\CORE_I2C_C0_0_WRAPPER\CORE_I2C_C0_0_WRAPPER.v (2025-10-28 09:16:58)
101      D:\PION101\icicle-kit-reference-design\MPFS_ICICLE_ES\component\work\CoreUARTapb_C0\CoreUARTapb_C0.v (2025-10-28 09:16:58)
102      D:\PION101\icicle-kit-reference-design\MPFS_ICICLE_ES\component\work\CoreUARTapb_C0\CoreUARTapb_C0_0\rtl\vlog\core\Clock_gen.v (2025-10-28 09:16:58)
103      D:\PION101\icicle-kit-reference-design\MPFS_ICICLE_ES\component\work\CoreUARTapb_C0\CoreUARTapb_C0_0\rtl\vlog\core\CoreUART.v (2025-10-28 09:16:58)
104      D:\PION101\icicle-kit-reference-design\MPFS_ICICLE_ES\component\work\CoreUARTapb_C0\CoreUARTapb_C0_0\rtl\vlog\core\CoreUARTapb.v (2025-10-28 09:16:58)
105      D:\PION101\icicle-kit-reference-design\MPFS_ICICLE_ES\component\work\CoreUARTapb_C0\CoreUARTapb_C0_0\rtl\vlog\core\Rx_async.v (2025-10-28 09:16:58)
106      D:\PION101\icicle-kit-reference-design\MPFS_ICICLE_ES\component\work\CoreUARTapb_C0\CoreUARTapb_C0_0\rtl\vlog\core\Tx_async.v (2025-10-28 09:16:58)
107      D:\PION101\icicle-kit-reference-design\MPFS_ICICLE_ES\component\work\CoreUARTapb_C0\CoreUARTapb_C0_0\rtl\vlog\core\fifo_256x8_g5.v (2025-10-28 09:16:58)
108      D:\PION101\icicle-kit-reference-design\MPFS_ICICLE_ES\component\work\DMA_CONTROLLER\DMA_CONTROLLER.v (2025-10-28 09:16:58)
109      D:\PION101\icicle-kit-reference-design\MPFS_ICICLE_ES\component\work\DMA_CONTROLLER\DMA_CONTROLLER_0\rtl\vlog\core\../../../coreaxi4dmacontroller_arbiter_mapping.v (2025-10-28 09:16:58)
110      D:\PION101\icicle-kit-reference-design\MPFS_ICICLE_ES\component\work\DMA_CONTROLLER\DMA_CONTROLLER_0\rtl\vlog\core\../../../coreaxi4dmacontroller_arbiter_parameters.v (2025-10-28 09:16:58)
111      D:\PION101\icicle-kit-reference-design\MPFS_ICICLE_ES\component\work\DMA_CONTROLLER\DMA_CONTROLLER_0\rtl\vlog\core\../../../coreaxi4dmacontroller_interrupt_mapping.v (2025-10-28 09:16:58)
112      D:\PION101\icicle-kit-reference-design\MPFS_ICICLE_ES\component\work\DMA_CONTROLLER\DMA_CONTROLLER_0\rtl\vlog\core\../../../coreaxi4dmacontroller_interrupt_parameters.v (2025-10-28 09:16:58)
113      D:\PION101\icicle-kit-reference-design\MPFS_ICICLE_ES\component\work\DMA_CONTROLLER\DMA_CONTROLLER_0\rtl\vlog\core\./coreaxi4dmacontroller_utility_functions.v (2025-10-28 09:16:58)
114      D:\PION101\icicle-kit-reference-design\MPFS_ICICLE_ES\component\work\DMA_CONTROLLER\DMA_CONTROLLER_0\rtl\vlog\core\CoreAXI4DMAController_int_0_ControllerFIFO.v (2025-10-28 09:16:58)
115      D:\PION101\icicle-kit-reference-design\MPFS_ICICLE_ES\component\work\DMA_CONTROLLER\DMA_CONTROLLER_0\rtl\vlog\core\CoreAXI4DMAController_int_1_ControllerFIFO.v (2025-10-28 09:16:58)
116      D:\PION101\icicle-kit-reference-design\MPFS_ICICLE_ES\component\work\DMA_CONTROLLER\DMA_CONTROLLER_0\rtl\vlog\core\CoreAXI4DMAController_int_2_ControllerFIFO.v (2025-10-28 09:16:58)
117      D:\PION101\icicle-kit-reference-design\MPFS_ICICLE_ES\component\work\DMA_CONTROLLER\DMA_CONTROLLER_0\rtl\vlog\core\CoreAXI4DMAController_int_3_ControllerFIFO.v (2025-10-28 09:16:58)
118      D:\PION101\icicle-kit-reference-design\MPFS_ICICLE_ES\component\work\DMA_CONTROLLER\DMA_CONTROLLER_0\rtl\vlog\core\DMA_CONTROLLER_DMA_CONTROLLER_0_SRAM_bd.v (2025-10-28 09:16:58)
119      D:\PION101\icicle-kit-reference-design\MPFS_ICICLE_ES\component\work\DMA_CONTROLLER\DMA_CONTROLLER_0\rtl\vlog\core\DMA_CONTROLLER_DMA_CONTROLLER_0_SRAM_cache.v (2025-10-28 09:16:58)
120      D:\PION101\icicle-kit-reference-design\MPFS_ICICLE_ES\component\work\DMA_CONTROLLER\DMA_CONTROLLER_0\rtl\vlog\core\DMA_CONTROLLER_DMA_CONTROLLER_0_SRAM_dscCacheM.v (2025-10-28 09:16:58)
121      D:\PION101\icicle-kit-reference-design\MPFS_ICICLE_ES\component\work\DMA_CONTROLLER\DMA_CONTROLLER_0\rtl\vlog\core\DMA_CONTROLLER_DMA_CONTROLLER_0_SRAM_dscCacheNM.v (2025-10-28 09:16:58)
122      D:\PION101\icicle-kit-reference-design\MPFS_ICICLE_ES\component\work\DMA_CONTROLLER\DMA_CONTROLLER_0\rtl\vlog\core\DMA_CONTROLLER_DMA_CONTROLLER_0_SRAM_dscConCacheNM.v (2025-10-28 09:16:58)
123      D:\PION101\icicle-kit-reference-design\MPFS_ICICLE_ES\component\work\DMA_CONTROLLER\DMA_CONTROLLER_0\rtl\vlog\core\DMA_CONTROLLER_DMA_CONTROLLER_0_SRAM_fifo_0.v (2025-10-28 09:16:58)
124      D:\PION101\icicle-kit-reference-design\MPFS_ICICLE_ES\component\work\DMA_CONTROLLER\DMA_CONTROLLER_0\rtl\vlog\core\DMA_CONTROLLER_DMA_CONTROLLER_0_ram_bd.v (2025-10-28 09:16:58)
125      D:\PION101\icicle-kit-reference-design\MPFS_ICICLE_ES\component\work\DMA_CONTROLLER\DMA_CONTROLLER_0\rtl\vlog\core\DMA_CONTROLLER_DMA_CONTROLLER_0_ram_cache.v (2025-10-28 09:16:58)
126      D:\PION101\icicle-kit-reference-design\MPFS_ICICLE_ES\component\work\DMA_CONTROLLER\DMA_CONTROLLER_0\rtl\vlog\core\DMA_CONTROLLER_DMA_CONTROLLER_0_ram_dscCacheM.v (2025-10-28 09:16:58)
127      D:\PION101\icicle-kit-reference-design\MPFS_ICICLE_ES\component\work\DMA_CONTROLLER\DMA_CONTROLLER_0\rtl\vlog\core\DMA_CONTROLLER_DMA_CONTROLLER_0_ram_dscCacheNM.v (2025-10-28 09:16:58)
128      D:\PION101\icicle-kit-reference-design\MPFS_ICICLE_ES\component\work\DMA_CONTROLLER\DMA_CONTROLLER_0\rtl\vlog\core\DMA_CONTROLLER_DMA_CONTROLLER_0_ram_dscConCacheNM.v (2025-10-28 09:16:58)
129      D:\PION101\icicle-kit-reference-design\MPFS_ICICLE_ES\component\work\DMA_CONTROLLER\DMA_CONTROLLER_0\rtl\vlog\core\DMA_CONTROLLER_DMA_CONTROLLER_0_ram_fifo_0.v (2025-10-28 09:16:58)
130      D:\PION101\icicle-kit-reference-design\MPFS_ICICLE_ES\component\work\DMA_CONTROLLER\DMA_CONTROLLER_0\rtl\vlog\core\coreaxi4dmacontroller.v (2025-10-28 09:16:58)
131      D:\PION101\icicle-kit-reference-design\MPFS_ICICLE_ES\component\work\DMA_CONTROLLER\DMA_CONTROLLER_0\rtl\vlog\core\coreaxi4dmacontroller_axi4_initiator_ctrl.v (2025-10-28 09:16:58)
132      D:\PION101\icicle-kit-reference-design\MPFS_ICICLE_ES\component\work\DMA_CONTROLLER\DMA_CONTROLLER_0\rtl\vlog\core\coreaxi4dmacontroller_axi4_lite_target_ctrl.v (2025-10-28 09:16:58)
133      D:\PION101\icicle-kit-reference-design\MPFS_ICICLE_ES\component\work\DMA_CONTROLLER\DMA_CONTROLLER_0\rtl\vlog\core\coreaxi4dmacontroller_axi4_stream_target_ctrl.v (2025-10-28 09:16:58)
134      D:\PION101\icicle-kit-reference-design\MPFS_ICICLE_ES\component\work\DMA_CONTROLLER\DMA_CONTROLLER_0\rtl\vlog\core\coreaxi4dmacontroller_buffer_descriptors.v (2025-10-28 09:16:58)
135      D:\PION101\icicle-kit-reference-design\MPFS_ICICLE_ES\component\work\DMA_CONTROLLER\DMA_CONTROLLER_0\rtl\vlog\core\coreaxi4dmacontroller_cache.v (2025-10-28 09:16:58)
136      D:\PION101\icicle-kit-reference-design\MPFS_ICICLE_ES\component\work\DMA_CONTROLLER\DMA_CONTROLLER_0\rtl\vlog\core\coreaxi4dmacontroller_control_registers.v (2025-10-28 09:16:58)
137      D:\PION101\icicle-kit-reference-design\MPFS_ICICLE_ES\component\work\DMA_CONTROLLER\DMA_CONTROLLER_0\rtl\vlog\core\coreaxi4dmacontroller_ctrl_if_mux_cdc.v (2025-10-28 09:16:58)
138      D:\PION101\icicle-kit-reference-design\MPFS_ICICLE_ES\component\work\DMA_CONTROLLER\DMA_CONTROLLER_0\rtl\vlog\core\coreaxi4dmacontroller_dma_arbiter.v (2025-10-28 09:16:58)
139      D:\PION101\icicle-kit-reference-design\MPFS_ICICLE_ES\component\work\DMA_CONTROLLER\DMA_CONTROLLER_0\rtl\vlog\core\coreaxi4dmacontroller_dma_controller.v (2025-10-28 09:16:58)
140      D:\PION101\icicle-kit-reference-design\MPFS_ICICLE_ES\component\work\DMA_CONTROLLER\DMA_CONTROLLER_0\rtl\vlog\core\coreaxi4dmacontroller_dma_start_ctrl.v (2025-10-28 09:16:58)
141      D:\PION101\icicle-kit-reference-design\MPFS_ICICLE_ES\component\work\DMA_CONTROLLER\DMA_CONTROLLER_0\rtl\vlog\core\coreaxi4dmacontroller_dma_tran_ctrl.v (2025-10-28 09:16:58)
142      D:\PION101\icicle-kit-reference-design\MPFS_ICICLE_ES\component\work\DMA_CONTROLLER\DMA_CONTROLLER_0\rtl\vlog\core\coreaxi4dmacontroller_dscrptr_src_mux.v (2025-10-28 09:16:58)
143      D:\PION101\icicle-kit-reference-design\MPFS_ICICLE_ES\component\work\DMA_CONTROLLER\DMA_CONTROLLER_0\rtl\vlog\core\coreaxi4dmacontroller_ext_dscrptr_fetch_fsm.v (2025-10-28 09:16:58)
144      D:\PION101\icicle-kit-reference-design\MPFS_ICICLE_ES\component\work\DMA_CONTROLLER\DMA_CONTROLLER_0\rtl\vlog\core\coreaxi4dmacontroller_fixed_priority_arbiter.v (2025-10-28 09:16:58)
145      D:\PION101\icicle-kit-reference-design\MPFS_ICICLE_ES\component\work\DMA_CONTROLLER\DMA_CONTROLLER_0\rtl\vlog\core\coreaxi4dmacontroller_int_controller.v (2025-10-28 09:16:58)
146      D:\PION101\icicle-kit-reference-design\MPFS_ICICLE_ES\component\work\DMA_CONTROLLER\DMA_CONTROLLER_0\rtl\vlog\core\coreaxi4dmacontroller_int_error_ctrl_fsm.v (2025-10-28 09:16:58)
147      D:\PION101\icicle-kit-reference-design\MPFS_ICICLE_ES\component\work\DMA_CONTROLLER\DMA_CONTROLLER_0\rtl\vlog\core\coreaxi4dmacontroller_int_ext_dscrptr_cache.v (2025-10-28 09:16:58)
148      D:\PION101\icicle-kit-reference-design\MPFS_ICICLE_ES\component\work\DMA_CONTROLLER\DMA_CONTROLLER_0\rtl\vlog\core\coreaxi4dmacontroller_int_status_mux.v (2025-10-28 09:16:58)
149      D:\PION101\icicle-kit-reference-design\MPFS_ICICLE_ES\component\work\DMA_CONTROLLER\DMA_CONTROLLER_0\rtl\vlog\core\coreaxi4dmacontroller_int_x_ctrl.v (2025-10-28 09:16:58)
150      D:\PION101\icicle-kit-reference-design\MPFS_ICICLE_ES\component\work\DMA_CONTROLLER\DMA_CONTROLLER_0\rtl\vlog\core\coreaxi4dmacontroller_ram_1k20_wrapper.v (2025-10-28 09:16:58)
151      D:\PION101\icicle-kit-reference-design\MPFS_ICICLE_ES\component\work\DMA_CONTROLLER\DMA_CONTROLLER_0\rtl\vlog\core\coreaxi4dmacontroller_rd_tran_ctrl.v (2025-10-28 09:16:58)
152      D:\PION101\icicle-kit-reference-design\MPFS_ICICLE_ES\component\work\DMA_CONTROLLER\DMA_CONTROLLER_0\rtl\vlog\core\coreaxi4dmacontroller_rd_tran_queue.v (2025-10-28 09:16:58)
153      D:\PION101\icicle-kit-reference-design\MPFS_ICICLE_ES\component\work\DMA_CONTROLLER\DMA_CONTROLLER_0\rtl\vlog\core\coreaxi4dmacontroller_round_robin_arbiter.v (2025-10-28 09:16:58)
154      D:\PION101\icicle-kit-reference-design\MPFS_ICICLE_ES\component\work\DMA_CONTROLLER\DMA_CONTROLLER_0\rtl\vlog\core\coreaxi4dmacontroller_round_robin_arbiter_w_ack.v (2025-10-28 09:16:58)
155      D:\PION101\icicle-kit-reference-design\MPFS_ICICLE_ES\component\work\DMA_CONTROLLER\DMA_CONTROLLER_0\rtl\vlog\core\coreaxi4dmacontroller_trans_ack.v (2025-10-28 09:16:58)
156      D:\PION101\icicle-kit-reference-design\MPFS_ICICLE_ES\component\work\DMA_CONTROLLER\DMA_CONTROLLER_0\rtl\vlog\core\coreaxi4dmacontroller_wr_tran_ctrl.v (2025-10-28 09:16:58)
157      D:\PION101\icicle-kit-reference-design\MPFS_ICICLE_ES\component\work\DMA_CONTROLLER\DMA_CONTROLLER_0\rtl\vlog\core\coreaxi4dmacontroller_wr_tran_queue.v (2025-10-28 09:16:58)
158      D:\PION101\icicle-kit-reference-design\MPFS_ICICLE_ES\component\work\DMA_INITIATOR\DMA_INITIATOR.v (2025-10-28 09:16:58)
159      D:\PION101\icicle-kit-reference-design\MPFS_ICICLE_ES\component\work\FIC0_INITIATOR\FIC0_INITIATOR.v (2025-10-28 09:16:58)
160      D:\PION101\icicle-kit-reference-design\MPFS_ICICLE_ES\component\work\FIC_0_PERIPHERALS\FIC_0_PERIPHERALS.v (2025-10-28 09:16:58)
161      D:\PION101\icicle-kit-reference-design\MPFS_ICICLE_ES\component\work\FIC_1_INITIATOR\FIC_1_INITIATOR.v (2025-10-28 09:16:58)
162      D:\PION101\icicle-kit-reference-design\MPFS_ICICLE_ES\component\work\FIC_1_PERIPHERALS\FIC_1_PERIPHERALS.v (2025-10-28 09:16:58)
163      D:\PION101\icicle-kit-reference-design\MPFS_ICICLE_ES\component\work\FIC_3_0x4000_0xxx\FIC_3_0x4000_0xxx.v (2025-10-28 09:16:58)
164      D:\PION101\icicle-kit-reference-design\MPFS_ICICLE_ES\component\work\FIC_3_0x4FFF_Fxxx\FIC_3_0x4FFF_Fxxx.v (2025-10-28 09:16:58)
165      D:\PION101\icicle-kit-reference-design\MPFS_ICICLE_ES\component\work\FIC_3_0x4xxx_xxxx\FIC_3_0x4xxx_xxxx.v (2025-10-28 09:16:58)
166      D:\PION101\icicle-kit-reference-design\MPFS_ICICLE_ES\component\work\FIC_3_ADDRESS_GENERATION\FIC_3_ADDRESS_GENERATION.v (2025-10-28 09:16:58)
168      D:\PION101\icicle-kit-reference-design\MPFS_ICICLE_ES\component\work\GLITCHLESS_MUX\GLITCHLESS_MUX.v (2025-10-28 09:16:59)
169      D:\PION101\icicle-kit-reference-design\MPFS_ICICLE_ES\component\work\GLITCHLESS_MUX\GLITCHLESS_MUX_0\GLITCHLESS_MUX_GLITCHLESS_MUX_0_PF_NGMUX.v (2025-10-28 09:16:59)
170      D:\PION101\icicle-kit-reference-design\MPFS_ICICLE_ES\component\work\GPIO\GPIO.v (2025-10-29 14:44:34)
171      D:\PION101\icicle-kit-reference-design\MPFS_ICICLE_ES\component\work\GPIO\GPIO_0\rtl\vlog\core\coregpio.v (2025-10-29 14:44:34)
172      D:\PION101\icicle-kit-reference-design\MPFS_ICICLE_ES\component\work\ICICLE_MSS\ICICLE_MSS.v (2025-10-28 09:16:59)
173      D:\PION101\icicle-kit-reference-design\MPFS_ICICLE_ES\component\work\ICICLE_MSS\MSS_NOBYP_NOBYP_NOBYP_BYP_BYP_syn_comps.v (2025-10-28 09:16:59)
174      D:\PION101\icicle-kit-reference-design\MPFS_ICICLE_ES\component\work\INIT_MONITOR\INIT_MONITOR.v (2025-10-28 09:16:59)
175      D:\PION101\icicle-kit-reference-design\MPFS_ICICLE_ES\component\work\INIT_MONITOR\INIT_MONITOR_0\INIT_MONITOR_INIT_MONITOR_0_PFSOC_INIT_MONITOR.v (2025-10-28 09:16:59)
176      D:\PION101\icicle-kit-reference-design\MPFS_ICICLE_ES\component\work\MIV_IHC_C0\MIV_IHC_C0.v (2025-10-28 09:16:59)
177      D:\PION101\icicle-kit-reference-design\MPFS_ICICLE_ES\component\work\MIV_IHC_C0\MIV_IHC_C0_0\rtl\core\core_merged\miv_ihc_core_merged.v (2025-10-28 09:16:59)
179      D:\PION101\icicle-kit-reference-design\MPFS_ICICLE_ES\component\work\MSS_LSRAM\COREAXI4SRAM_0\rtl\vlog\core\CoreAXI4SRAM.v (2025-10-28 09:16:59)
180      D:\PION101\icicle-kit-reference-design\MPFS_ICICLE_ES\component\work\MSS_LSRAM\COREAXI4SRAM_0\rtl\vlog\core\CoreAXI4SRAM_MAINCTRL.v (2025-10-28 09:16:59)
181      D:\PION101\icicle-kit-reference-design\MPFS_ICICLE_ES\component\work\MSS_LSRAM\COREAXI4SRAM_0\rtl\vlog\core\CoreAXI4SRAM_MAINCTRL_ECC.v (2025-10-28 09:16:59)
182      D:\PION101\icicle-kit-reference-design\MPFS_ICICLE_ES\component\work\MSS_LSRAM\COREAXI4SRAM_0\rtl\vlog\core\CoreAXI4SRAM_SLVIF.v (2025-10-28 09:16:59)
183      D:\PION101\icicle-kit-reference-design\MPFS_ICICLE_ES\component\work\MSS_LSRAM\MSS_LSRAM.v (2025-10-28 09:16:59)
184      D:\PION101\icicle-kit-reference-design\MPFS_ICICLE_ES\component\work\MSS_LSRAM\PF_TPSRAM_AHB_AXI_0\MSS_LSRAM_PF_TPSRAM_AHB_AXI_0_PF_TPSRAM.v (2025-10-28 09:16:59)
185      D:\PION101\icicle-kit-reference-design\MPFS_ICICLE_ES\component\work\MSS_WRAPPER\MSS_WRAPPER.v (2025-10-28 09:16:59)
186      D:\PION101\icicle-kit-reference-design\MPFS_ICICLE_ES\component\work\OSCILLATOR_160MHz\OSCILLATOR_160MHz.v (2025-10-28 09:16:59)
187      D:\PION101\icicle-kit-reference-design\MPFS_ICICLE_ES\component\work\OSCILLATOR_160MHz\OSCILLATOR_160MHz_0\OSCILLATOR_160MHz_OSCILLATOR_160MHz_0_PF_OSC.v (2025-10-28 09:16:59)
188      D:\PION101\icicle-kit-reference-design\MPFS_ICICLE_ES\component\work\PCIE_INITIATOR\PCIE_INITIATOR.v (2025-10-28 09:16:59)
189      D:\PION101\icicle-kit-reference-design\MPFS_ICICLE_ES\component\work\PCIE_REF_CLK\PCIE_REF_CLK.v (2025-10-28 09:16:59)
190      D:\PION101\icicle-kit-reference-design\MPFS_ICICLE_ES\component\work\PCIE_REF_CLK\PCIE_REF_CLK_0\PCIE_REF_CLK_PCIE_REF_CLK_0_PF_XCVR_REF_CLK.v (2025-10-28 09:16:59)
191      D:\PION101\icicle-kit-reference-design\MPFS_ICICLE_ES\component\work\PF_CCC_C0\PF_CCC_C0.v (2025-10-28 09:16:59)
192      D:\PION101\icicle-kit-reference-design\MPFS_ICICLE_ES\component\work\PF_CCC_C0\PF_CCC_C0_0\PF_CCC_C0_PF_CCC_C0_0_PF_CCC.v (2025-10-28 09:16:59)
193      D:\PION101\icicle-kit-reference-design\MPFS_ICICLE_ES\component\work\PF_PCIE_C0\PF_PCIE_C0.v (2025-10-28 09:16:59)
194      D:\PION101\icicle-kit-reference-design\MPFS_ICICLE_ES\component\work\PF_PCIE_C0\PF_PCIE_C0_0\PF_PCIE_C0_PF_PCIE_C0_0_PF_PCIE.v (2025-10-28 09:16:59)
195      D:\PION101\icicle-kit-reference-design\MPFS_ICICLE_ES\component\work\TRANSMIT_PLL\TRANSMIT_PLL.v (2025-10-28 09:16:59)
196      D:\PION101\icicle-kit-reference-design\MPFS_ICICLE_ES\component\work\TRANSMIT_PLL\TRANSMIT_PLL_0\TRANSMIT_PLL_TRANSMIT_PLL_0_PF_TX_PLL.v (2025-10-28 09:16:59)
197      D:\PION101\icicle-kit-reference-design\MPFS_ICICLE_ES\component\work\corepwm_C0\corepwm_C0.v (2025-10-28 09:16:59)
198      D:\PION101\icicle-kit-reference-design\MPFS_ICICLE_ES\hdl\APB_PASS_THROUGH.v (2025-10-28 09:17:01)
199      D:\PION101\icicle-kit-reference-design\MPFS_ICICLE_ES\hdl\AXI4_address_shim.v (2025-10-28 09:17:01)
200      D:\PION101\icicle-kit-reference-design\MPFS_ICICLE_ES\hdl\apb_arbiter.v (2025-10-28 09:17:01)
201      D:\PION101\icicle-kit-reference-design\MPFS_ICICLE_ES\hdl\fabric_sd_emmc_demux_select.v (2025-10-28 09:17:01)

*******************************************************************
Unchanged modules: 134
MID:  lib.cell.view
0        COREAPB3_LIB.COREAPB3_MUXPTOB3.verilog
1        COREAPB3_LIB.CoreAPB3.verilog
2        COREAPB3_LIB.coreapb3_iaddr_reg.verilog
5        work.APB_ARBITER.verilog
6        work.APB_PASS_THROUGH.verilog
14       work.CLK_DIV.verilog
15       work.CLK_DIV_CLK_DIV_0_PF_CLK_DIV.verilog
16       work.CLOCKS_AND_RESETS.verilog
18       work.COREI2C_C0.verilog
19       work.COREI2C_C0_COREI2C_C0_0_COREI2C.verilog
22       work.CORERESET.verilog
23       work.CORERESET_CORERESET_0_CORERESET_PF.verilog
24       work.CORE_I2C_C0_0_WRAPPER.verilog
292      work.CoreGPIO_C10.verilog
293      work.CoreGPIO_C10_CoreGPIO_C10_0_CoreGPIO.verilog
29       work.CoreUARTapb_C0.verilog
30       work.CoreUARTapb_C0_CoreUARTapb_C0_0_COREUART.verilog
31       work.CoreUARTapb_C0_CoreUARTapb_C0_0_Clock_gen.verilog
32       work.CoreUARTapb_C0_CoreUARTapb_C0_0_CoreUARTapb.verilog
33       work.CoreUARTapb_C0_CoreUARTapb_C0_0_Rx_async.verilog
34       work.CoreUARTapb_C0_CoreUARTapb_C0_0_Tx_async.verilog
35       work.CoreUARTapb_C0_CoreUARTapb_C0_0_fifo_256x8.verilog
36       work.CoreUARTapb_C0_CoreUARTapb_C0_0_fifo_ctrl_256.verilog
37       work.CoreUARTapb_C0_CoreUARTapb_C0_0_ram256x8_g5.verilog
40       work.DMA_CONTROLLER.verilog
41       work.DMA_CONTROLLER_DMA_CONTROLLER_0_COREAXI4DMACONTROLLER.verilog
42       work.DMA_CONTROLLER_DMA_CONTROLLER_0_CoreAXI4DMAController_AXI4INITIATORDMACtrl.verilog
43       work.DMA_CONTROLLER_DMA_CONTROLLER_0_CoreAXI4DMAController_AXI4LiteTARGETCtrl.verilog
44       work.DMA_CONTROLLER_DMA_CONTROLLER_0_CoreAXI4DMAController_AXI4StreamTARGETCtrl.verilog
45       work.DMA_CONTROLLER_DMA_CONTROLLER_0_CoreAXI4DMAController_Cache.verilog
46       work.DMA_CONTROLLER_DMA_CONTROLLER_0_CoreAXI4DMAController_DMAArbiter.verilog
47       work.DMA_CONTROLLER_DMA_CONTROLLER_0_CoreAXI4DMAController_DMAController.verilog
48       work.DMA_CONTROLLER_DMA_CONTROLLER_0_CoreAXI4DMAController_DMAStartCtrl.verilog
49       work.DMA_CONTROLLER_DMA_CONTROLLER_0_CoreAXI4DMAController_DMATranCtrl.verilog
50       work.DMA_CONTROLLER_DMA_CONTROLLER_0_CoreAXI4DMAController_RAM_1K20_wrapper.verilog
51       work.DMA_CONTROLLER_DMA_CONTROLLER_0_CoreAXI4DMAController_bufferDescriptors.verilog
52       work.DMA_CONTROLLER_DMA_CONTROLLER_0_CoreAXI4DMAController_controlRegisters.verilog
53       work.DMA_CONTROLLER_DMA_CONTROLLER_0_CoreAXI4DMAController_ctrlIFMuxCDC.verilog
54       work.DMA_CONTROLLER_DMA_CONTROLLER_0_CoreAXI4DMAController_dscrptrSrcMux.verilog
55       work.DMA_CONTROLLER_DMA_CONTROLLER_0_CoreAXI4DMAController_extDscrptrFetchFSM.verilog
56       work.DMA_CONTROLLER_DMA_CONTROLLER_0_CoreAXI4DMAController_fixedPriorityArbiter.verilog
57       work.DMA_CONTROLLER_DMA_CONTROLLER_0_CoreAXI4DMAController_intController.verilog
58       work.DMA_CONTROLLER_DMA_CONTROLLER_0_CoreAXI4DMAController_intErrorCtrl.verilog
59       work.DMA_CONTROLLER_DMA_CONTROLLER_0_CoreAXI4DMAController_intExtDscrptrCache.verilog
60       work.DMA_CONTROLLER_DMA_CONTROLLER_0_CoreAXI4DMAController_intStatusMux.verilog
61       work.DMA_CONTROLLER_DMA_CONTROLLER_0_CoreAXI4DMAController_int_0_ControllerFIFO.verilog
62       work.DMA_CONTROLLER_DMA_CONTROLLER_0_CoreAXI4DMAController_int_1_ControllerFIFO.verilog
63       work.DMA_CONTROLLER_DMA_CONTROLLER_0_CoreAXI4DMAController_int_2_ControllerFIFO.verilog
64       work.DMA_CONTROLLER_DMA_CONTROLLER_0_CoreAXI4DMAController_int_3_ControllerFIFO.verilog
65       work.DMA_CONTROLLER_DMA_CONTROLLER_0_CoreAXI4DMAController_interrupt_x_ctrl.verilog
66       work.DMA_CONTROLLER_DMA_CONTROLLER_0_CoreAXI4DMAController_rdTranCtrl.verilog
67       work.DMA_CONTROLLER_DMA_CONTROLLER_0_CoreAXI4DMAController_rdTranQueue.verilog
68       work.DMA_CONTROLLER_DMA_CONTROLLER_0_CoreAXI4DMAController_roundRobinArbiter.verilog
69       work.DMA_CONTROLLER_DMA_CONTROLLER_0_CoreAXI4DMAController_roundRobinArbiterWAck.verilog
70       work.DMA_CONTROLLER_DMA_CONTROLLER_0_CoreAXI4DMAController_transAck.verilog
71       work.DMA_CONTROLLER_DMA_CONTROLLER_0_CoreAXI4DMAController_wrTranCtrl.verilog
72       work.DMA_CONTROLLER_DMA_CONTROLLER_0_CoreAXI4DMAController_wrTranQueue.verilog
73       work.DMA_CONTROLLER_DMA_CONTROLLER_0_SRAM_bd.verilog
74       work.DMA_CONTROLLER_DMA_CONTROLLER_0_SRAM_cache.verilog
75       work.DMA_CONTROLLER_DMA_CONTROLLER_0_SRAM_dscCacheM.verilog
76       work.DMA_CONTROLLER_DMA_CONTROLLER_0_SRAM_dscCacheNM.verilog
77       work.DMA_CONTROLLER_DMA_CONTROLLER_0_SRAM_dscConCacheNM.verilog
78       work.DMA_CONTROLLER_DMA_CONTROLLER_0_SRAM_fifo_0.verilog
79       work.DMA_CONTROLLER_DMA_CONTROLLER_0_ram_bd.verilog
80       work.DMA_CONTROLLER_DMA_CONTROLLER_0_ram_cache.verilog
81       work.DMA_CONTROLLER_DMA_CONTROLLER_0_ram_dscCacheM.verilog
82       work.DMA_CONTROLLER_DMA_CONTROLLER_0_ram_dscCacheNM.verilog
83       work.DMA_CONTROLLER_DMA_CONTROLLER_0_ram_dscConCacheNM.verilog
84       work.DMA_CONTROLLER_DMA_CONTROLLER_0_ram_fifo_0.verilog
85       work.DMA_INITIATOR.verilog
88       work.FIC0_INITIATOR.verilog
89       work.FIC_0_PERIPHERALS.verilog
92       work.FIC_3_0x4000_0xxx.verilog
93       work.FIC_3_0x4FFF_Fxxx.verilog
94       work.FIC_3_0x4xxx_xxxx.verilog
95       work.FIC_3_ADDRESS_GENERATION.verilog
96       work.FIC_3_PERIPHERALS.verilog
99       work.GLITCHLESS_MUX.verilog
100      work.GLITCHLESS_MUX_GLITCHLESS_MUX_0_PF_NGMUX.verilog
101      work.GPIO.verilog
102      work.GPIO_GPIO_0_CoreGPIO.verilog
114      work.ICICLE_MSS.verilog
116      work.INIT_MONITOR.verilog
117      work.INIT_MONITOR_INIT_MONITOR_0_PFSOC_INIT_MONITOR.verilog
122      work.MIV_IHC_C0.verilog
123      work.MIV_IHC_C0_MIV_IHC_C0_0_MIV_IHC.verilog
124      work.MPFS_ICICLE_KIT_BASE_DESIGN.verilog
125      work.MSS.verilog
126      work.MSS_LSRAM.verilog
127      work.MSS_LSRAM_COREAXI4SRAM_0_COREAXI4SRAM.verilog
128      work.MSS_LSRAM_COREAXI4SRAM_0_CoreAXI4SRAM_MAINCTRL.verilog
129      work.MSS_LSRAM_COREAXI4SRAM_0_CoreAXI4SRAM_MAINCTRL_ECC.verilog
130      work.MSS_LSRAM_COREAXI4SRAM_0_CoreAXI4SRAM_SLVIF.verilog
131      work.MSS_LSRAM_PF_TPSRAM_AHB_AXI_0_PF_TPSRAM.verilog
132      work.MSS_WRAPPER.verilog
133      work.OSCILLATOR_160MHz.verilog
134      work.OSCILLATOR_160MHz_OSCILLATOR_160MHz_0_PF_OSC.verilog
141      work.PCIE_REF_CLK.verilog
142      work.PCIE_REF_CLK_PCIE_REF_CLK_0_PF_XCVR_REF_CLK.verilog
144      work.PF_CCC_C0.verilog
145      work.PF_CCC_C0_PF_CCC_C0_0_PF_CCC.verilog
157      work.TRANSMIT_PLL.verilog
158      work.TRANSMIT_PLL_TRANSMIT_PLL_0_PF_TX_PLL.verilog
259      work.corepwm.verilog
260      work.corepwm_C0.verilog
261      work.corepwm_pwm_gen.verilog
263      work.corepwm_tach_if.verilog
264      work.corepwm_timebase.verilog
266      work.miv_ihc_address_controller.verilog
267      work.miv_ihc_apb_arbiter_2.verilog
268      work.miv_ihc_apb_arbiter_3.verilog
269      work.miv_ihc_apb_arbiter_top.verilog
270      work.miv_ihc_apb_cdc.verilog
271      work.miv_ihc_apb_master_asynch.verilog
272      work.miv_ihc_apb_mpu.verilog
273      work.miv_ihc_apb_slave_asynch.verilog
274      work.miv_ihc_apb_target.verilog
275      work.miv_ihc_apb_target_top.verilog
276      work.miv_ihc_axi2apb.verilog
277      work.miv_ihc_axi_ar_buffer.verilog
278      work.miv_ihc_axi_aw_buffer.verilog
279      work.miv_ihc_axi_b_buffer.verilog
280      work.miv_ihc_axi_r_buffer.verilog
281      work.miv_ihc_axi_single_slice.verilog
282      work.miv_ihc_axi_target_top.verilog
283      work.miv_ihc_axi_w_buffer.verilog
284      work.miv_ihc_channel.verilog
285      work.miv_ihc_core.verilog
286      work.miv_ihc_fifo.verilog
287      work.miv_ihc_fifo_v2.verilog
288      work.miv_ihc_fifo_v3.verilog
289      work.miv_ihc_interrupt_module.verilog
290      work.miv_ihc_mailbox_address_decoder.verilog
291      work.miv_ihc_ram_singleport_addreg.verilog
